idx,umap_x,umap_y,cluster,scaffold
0,8.066677,5.7676773,0,c1ccc(COC2CCCC(COC3CCCCO3)O2)cc1
1,11.183737,-0.07857184,0,O=C(Nc1ccccc1)c1ccoc1
2,9.136067,4.8905864,0,acyclic_CC(C)=CCCC(C)=CC=O
3,9.648026,-3.4193094,0,c1ccc2c(c1)ccc1c2ccc2c3ccccc3ccc21
4,8.332751,0.28000668,0,c1ccsc1
5,9.948768,-2.0513866,0,c1ccc2scnc2c1
6,6.146837,-2.0953043,0,c1ccc(-c2ccccc2)cc1
7,4.8996263,2.6370149,0,c1ccc2c(c1)CCC1C2CCC2CCCC21
8,7.3424044,2.935147,0,C1=CC2CC1C1C3CC(C4OC34)C21
9,8.743063,0.7770013,0,O=C1c2ccc3c(c2OC2COc4ccccc4C12)CCO3
10,6.2613397,1.7381072,0,O=C1CCCN1
11,6.424618,-2.3701713,0,c1ccc2ccccc2c1
12,9.538514,5.5590715,0,acyclic_C=CCCC
13,5.370899,0.60330176,0,O=C1NCNC(=O)C1c1ccccc1
14,10.519252,8.788818,0,acyclic_CCCCCCCCCCCCCC
15,11.267329,5.3263297,0,acyclic_CC(C)Cl
16,10.987528,6.1329794,0,acyclic_CCC(C)CO
17,10.350196,-1.1413248,0,c1ccccc1
18,9.732512,2.3244598,0,c1cncnc1
19,11.437884,7.097371,1,acyclic_CCCCCCCCCC(C)O
20,5.2265477,-2.3626063,0,c1ccc(-c2ccccc2)cc1
21,6.1359234,1.7969079,0,O=c1[nH]c2c(c(=O)n1C1CCCCC1)CCC2
22,9.891494,2.4972045,0,acyclic_CCOP(=S)(OCC)SCSCC
23,11.4573145,0.33989757,0,c1ccccc1
24,14.524342,1.4851072,2,c1ccccc1
25,12.348235,8.147627,1,acyclic_CCCCCCCO
26,7.0504327,0.835284,0,O=c1[nH]c(=O)c2[nH]cnc2[nH]1
27,4.880098,0.99723625,0,O=C1CC(=O)NC(=O)N1
28,6.0898995,-2.9076385,0,C=C(c1ccccc1)c1ccccc1
29,11.855399,3.1164954,0,acyclic_CCCCCCCC(=O)OC
30,9.579508,-0.55480176,0,c1ccccc1
31,9.907421,2.6026275,0,acyclic_CCOP(=S)(OCC)SCSC(C)(C)C
32,11.074025,0.7472159,0,O=C(Nc1ccccc1)Oc1ccccc1
33,8.275088,3.7248602,0,acyclic_C=C(Cl)Cl
34,8.498329,-2.0829797,0,c1ccc2c(c1)Cc1ccccc1-2
35,10.394826,8.423383,0,acyclic_CCCCC=O
36,10.440586,-1.121399,0,c1ccc(Nc2ccccc2)cc1
37,10.690657,0.4814492,0,c1ccccc1
38,9.891739,2.7301314,0,C1CCNCC1
39,10.493176,8.690794,0,acyclic_CCCCCCCI
40,6.402324,-2.256419,0,c1ccc(-c2ccccc2)cc1
41,8.921151,4.849851,0,acyclic_C=CCCCO
42,5.5847716,1.3382617,0,O=C1NC(=O)C2(CCC2)C(=O)N1
43,5.955358,3.007915,0,C1CCCCC1
44,10.987151,4.987692,0,acyclic_CC(C)OC=O
45,11.427951,7.0831127,1,acyclic_CCCCCC(C)O
46,11.457615,0.17412946,0,c1ccccc1
47,9.452944,-1.5827267,0,O=c1cccnn1-c1ccccc1
48,14.501551,0.70042187,2,C1=CC(c2ccccc2)C=CN1
49,8.087673,-1.5071507,0,c1ccc2ncccc2c1
50,10.92742,8.768607,0,acyclic_C#CCCCCCC
51,5.2278028,1.0540936,0,O=C1NC(=O)C(C2=CCCCC2)C(=O)N1
52,9.619705,-3.4276533,0,c1ccc2c(c1)ccc1c3ccccc3ccc21
53,6.3834624,1.2399188,0,O=c1cc[nH]c(=O)[nH]1
54,6.214855,-1.932127,0,c1ccc(-c2ccccc2)cc1
55,8.530881,-1.7595695,0,c1ccccc1
56,11.288466,5.5496697,0,acyclic_CC(C)CCC(C)(C)C
57,8.582047,-2.1926963,0,c1ccc2ccccc2c1
58,8.925124,-3.2739549,0,c1ccc2c(c1)ccc1c3ccccc3ccc21
59,10.808741,3.4880702,0,acyclic_CCCC(C)=O
60,6.159985,-1.3909844,0,c1ccc(-c2ccccc2)cc1
61,10.913804,3.2196045,0,acyclic_CCCOC(=O)CC
62,3.114035,3.6460302,3,O=C1C=CC2C(=C1)CCC1C3CCCC3CCC21
63,8.900771,-0.53346163,0,c1ccccc1
64,14.161916,0.64268935,2,O=C(Cn1ccnc1)NCc1ccccc1
65,6.1367755,-2.7509978,0,O=C1C=C(C2CCC(c3ccccc3)CC2)C(=O)c2ccccc21
66,10.033211,7.025301,0,c1ncncn1
67,7.9829564,0.40272173,0,c1cnccn1
68,10.511016,3.30098,0,acyclic_CCC(Br)(CC)C(=O)NC(N)=O
69,6.5367637,-2.2276132,0,c1ccc(-c2ccccc2)cc1
70,14.66696,0.95894074,2,O=C1CN(N=Cc2ccco2)C(=O)N1
71,14.2995615,0.7101089,2,c1ccc(Oc2ccccc2)cc1
72,5.769759,2.4762027,0,O=C1CC2CCC1C2
73,5.304237,0.6263237,0,O=C1NC(=O)C(c2ccccc2)C(=O)N1
74,11.675875,3.0487487,0,acyclic_CCCCC(=O)OCC
75,10.565052,4.1438622,0,acyclic_CC(=O)OCCC(C)C
76,11.8123865,1.9377817,0,O=C1NC(=O)C(c2ccccc2)(c2ccccc2)N1
77,5.4007134,-2.409675,0,c1ccc(-c2ccccc2)cc1
78,9.090456,6.0297966,0,acyclic_CCCBr
79,5.181101,-2.1484106,0,c1ccc(C2(Cn3cncn3)OCCO2)cc1
80,9.998464,2.856905,0,acyclic_COP(=S)(OC)SCC(=O)N(C)C=
81,7.883744,-0.068152346,0,c1cnc2ncncc2n1
82,8.655013,3.7055652,0,acyclic_NC(N)=S
83,8.109053,-1.5016181,0,c1ccccc1
84,10.6150055,-0.9151923,0,c1ccccc1
85,7.724621,3.6001425,0,acyclic_ClC(Cl)(Cl)C(Cl)(Cl)Cl
86,12.094414,-1.0167408,4,O=C(Cc1ccccc1)OCc1cccc(Oc2ccccc2)c1
87,13.974598,1.7691412,2,acyclic_CCC[N+](=O)[O-]
88,5.978684,2.3532953,0,O=C1CCCCC1
89,11.817738,-2.8107538,0,O=C1Nc2ccccc2Nc2ncccc21
90,14.596782,0.8493703,2,c1ccccc1
91,4.6091876,0.7026175,0,O=C1CC(=O)NC(=S)N1
92,9.908863,-3.0485368,0,c1ccc2c(c1)-c1cccc3cccc-2c13
93,11.394973,5.967018,0,acyclic_CCCOC(C)C
94,8.843778,-3.3016117,0,c1ccc2ccccc2c1
95,9.077992,-0.51413107,0,C(=Cc1ccccc1)c1ccccc1
96,7.6208634,3.2263544,0,c1ccccc1
97,5.1191273,-2.478373,0,c1ccc(-c2ccccc2)cc1
98,10.311878,-1.590947,0,c1ccc(C2CO2)cc1
99,10.148897,-0.95117235,0,c1ccccc1
100,3.296524,3.0468829,3,O=C1C=C2CCC3C4CCCC4CCC3C2CC1
101,7.819612,0.4431516,0,c1ccc2nccnc2c1
102,6.3247905,3.1674604,0,C1CCOCC1
103,7.817755,3.9875379,0,acyclic_ClCCl
104,9.5429535,-3.4717236,0,c1ccc2ccccc2c1
105,9.160006,4.3085313,0,acyclic_COC=O
106,14.594207,0.6500063,2,c1ccccc1
107,6.944895,0.7781249,0,O=c1cc[nH]c(=O)[nH]1
108,11.380155,5.2742724,0,acyclic_CC(C)C
109,8.091886,5.7366366,0,c1ncc2ncn(C3CCCO3)c2n1
110,8.562316,-0.90442497,0,c1ccccc1
111,14.475412,0.85186994,2,O=C(Nc1ccccc1)c1ccccc1
112,10.629753,8.629785,0,acyclic_CCCCC
113,9.837836,-0.7483687,0,c1ccccc1
114,9.6467905,-2.8046832,0,c1ccc2cc3ccccc3cc2c1
115,7.0826097,0.80135703,0,O=c1[nH]c(=O)c2[nH]cnc2[nH]1
116,9.951349,-2.3023152,0,c1ccc2cnccc2c1
117,10.138572,2.4369946,0,c1ccccc1
118,10.917663,-0.8488595,0,c1ccccc1
119,6.4749026,-2.2969685,0,c1ccc(-c2ccccc2)cc1
120,9.449409,6.0364575,0,acyclic_C=C(C)CCC
121,11.251384,5.281027,0,acyclic_CC(C)C(C)C(C)C
122,6.135707,-1.340991,0,c1ccccc1
123,14.598444,0.7832704,2,c1ccccc1
124,10.15385,8.308875,0,acyclic_C=CCCCCCCCC
125,10.513668,4.1146216,0,acyclic_CC(=O)OCC(COC(C)=O)OC(C)
126,11.739189,7.8335633,1,c1cncnc1
127,12.117086,-1.0544652,4,O=C(OCc1cccc(Oc2ccccc2)c1)C1CC1
128,8.180701,0.18440239,0,c1ccncc1
129,10.601798,8.903318,0,acyclic_CCCCCCCBr
130,8.115789,-1.1828959,0,c1ccncc1
131,3.2307491,3.3091526,3,O=C1C=C2CCC3C4CCCC4CCC3C2CC1
132,10.878475,0.83986545,0,c1ccccc1
133,10.794525,3.105375,0,acyclic_CCOC(=O)CC(=O)OCC
134,6.085105,2.471937,0,C1=CCCCC1
135,10.250601,-1.7175055,0,c1ccc2c(c1)CCC2
136,8.961966,-0.6430754,0,c1ccccc1
137,5.5180073,1.2924104,0,O=C1NC(=O)C2(CC2)C(=O)N1
138,6.2370515,-2.1810899,0,c1ccccc1
139,9.743988,-3.376237,0,c1ccc2ccccc2c1
140,9.397109,5.730944,0,acyclic_C/C=C/CC
141,8.474396,-1.9488323,0,c1ccncc1
142,8.434205,3.9283109,0,acyclic_ClC=C(Cl)Cl
143,9.726992,-3.39879,0,c1ccc2ccccc2c1
144,8.131983,-1.7805426,0,c1ccccc1
145,8.017373,0.092390664,0,c1cnc2ncncc2n1
146,8.716255,3.880999,0,acyclic_CO
147,4.6589494,0.77747655,0,O=C1CC(=O)NC(=O)N1
148,10.719465,3.561438,0,acyclic_CCC(C)=O
149,6.7563186,1.0457556,0,O=c1cc[nH]c(=O)[nH]1
150,8.173893,5.706366,0,c1ncc2ccn(C3CCCO3)c2n1
151,9.077497,-0.9207705,0,c1ccccc1
152,12.309387,8.138843,1,acyclic_CCCCCCO
153,10.842879,8.90945,0,acyclic_CCCCCCl
154,8.848449,4.5737,0,acyclic_C=CC=C
155,10.757579,3.2385504,0,acyclic_CCCOC(C)=O
156,8.750043,-0.5086471,0,c1ccc2c(c1)CCCC2
157,8.589431,3.7221868,0,acyclic_NC(=O)CCl
158,9.3524475,1.8414785,0,c1ccccc1
159,6.0686536,-3.0286407,0,c1ccccc1
160,6.770329,1.0095165,0,O=c1cnnc[nH]1
161,8.255697,-1.7917035,0,O=P(Oc1ccccc1)(Oc1ccccc1)Oc1ccccc1
162,10.204672,8.335576,0,acyclic_CCCCCC=O
163,11.145195,1.6209991,0,c1ccccc1
164,7.244877,0.3667631,0,O=C1Nc2ccccc2Oc2ncccc21
165,9.082981,5.208514,0,acyclic_CC(C)=CCC/C(C)=C\CO
166,6.20175,-2.5417585,0,c1ccc(-c2ccccc2)cc1
167,11.874163,2.1092885,0,O=C1NC(=O)C(c2ccccc2)(c2ccccc2)N1
168,13.994957,1.7173703,2,acyclic_CC[N+](=O)[O-]
169,14.50997,1.522912,2,c1ccccc1
170,6.2327433,-1.6336027,0,c1ccccc1
171,10.772381,3.2629344,0,acyclic_CCCC(C)(COC(N)=O)COC(N)=
172,4.5901484,2.8250182,0,C1=C2CCCCC2C2CCC3CCCC3C2C1
173,8.558405,3.7266402,0,acyclic_CI
174,6.0961485,2.068489,0,O=C1CC(CCC2CCCCC2=O)CC(=O)N1
175,11.874164,2.1402113,0,O=C1NC(=O)C(c2ccccc2)(c2ccccc2)N1
176,6.102222,2.141048,0,O=C1C=CCCC1
177,4.611992,0.7509118,0,O=C1CC(=O)NC(=O)N1
178,11.275769,3.5035574,0,acyclic_CCCCC(=O)CCCC
179,5.5688863,0.457098,0,O=C1CCC(c2ccccc2)C(=O)N1
180,11.236639,6.030627,0,acyclic_CCC(C)CC
181,10.6837635,-0.72593963,0,c1ccc(CCOCc2cccc(Oc3ccccc3)c2)cc1
182,8.77556,-2.3064854,0,O=c1c2ccccc2ncn1-c1ccccc1
183,7.9316497,3.9694715,0,acyclic_N#CCCl
184,9.71105,2.2699888,0,c1ccccc1
185,3.5724332,2.831494,3,O=C1C=C2CCC3C4CCCC4CCC3C2CC1
186,8.177294,0.3375868,0,c1ccnnc1
187,6.1717167,-1.4591727,0,c1ccccc1
188,5.277199,2.7349942,0,C1=C2CCCCC2CC2CCC3C4CC5OCCCC5OC4CC3C12
189,9.76096,-0.7481898,0,c1ccccc1
190,11.717227,3.010565,0,acyclic_CCCCCCCCC(=O)OCC
191,10.767596,1.1687127,0,c1ccccc1
192,10.83286,0.5867342,0,c1ccccc1
193,11.306325,5.70588,0,acyclic_CCC(C)Cl
194,9.82846,-2.5809333,0,c1ccc2ccccc2c1
195,6.6474338,0.023859788,0,O=c1ocnn1-c1ccccc1
196,10.775368,8.761076,0,acyclic_C#CCCCC
197,10.923094,8.6427765,0,acyclic_C#CCCCCCCC
198,7.1432467,-2.1099527,0,c1ccccc1
199,11.281111,5.255781,0,acyclic_CC(C)OC(C)C
200,8.104614,-0.5363855,0,O=S(=O)(c1ccccc1)c1ccccc1
201,8.633105,3.7359922,0,acyclic_CNN
202,8.6578,3.6341672,0,acyclic_C#CC
203,10.14775,1.8063949,0,c1ccccc1
204,10.404124,3.8392181,0,acyclic_CCNP(=S)(OC)OC(C)=CC(=O)
205,8.873357,4.5217533,0,acyclic_C=CC=O
206,7.2050395,0.9032632,0,O=c1[nH]cnc2nc[nH]c12
207,9.779206,-2.1445973,0,c1ccc2ncccc2c1
208,10.154058,-1.3075138,0,c1ccccc1
209,9.023925,5.9489017,0,acyclic_CCCCl
210,10.818139,3.0996192,0,acyclic_CCOC(C)=O
211,8.877593,6.772671,0,acyclic_CCCC(C)(C)C
212,8.003551,-1.4004754,0,c1ccccc1
213,5.7174687,2.845221,0,C1CC2CCC1CO2
214,11.739251,3.0444922,0,acyclic_CCCCOC(=O)CCCCCCCCC(=O)O
215,6.1497416,-2.9348645,0,c1ccc(-c2ccccc2)cc1
216,8.300272,-1.574282,0,c1ccncc1
217,6.160834,2.241751,0,O=C1C=CCCC1
218,9.8696995,2.33097,0,c1ccccc1
219,8.715515,0.8378509,0,O=C1OCC2C(OC3CCC4OCOCC4O3)c3cc4c(cc3C(c3ccccc3)C12)OCO4
220,9.845659,-3.2618625,0,c1cc2cccc3c4cccc5cccc(c(c1)c23)c54
221,14.469362,0.90235966,2,c1ccccc1
222,9.689828,-2.8471165,0,c1ccc2ccccc2c1
223,11.074772,0.81865066,0,c1ccccc1
224,8.039888,0.28484347,0,c1cnc2ncncc2n1
225,11.687508,-2.7719817,0,O=C1Nc2cccnc2N(C2CC2)c2ncccc21
226,9.843819,2.4108047,0,c1nc[nH]n1
227,8.909147,4.436203,0,acyclic_C=CC(=C)C
228,9.049724,5.362033,0,acyclic_C=CC(C)(O)CCC=C(C)C
229,9.463189,1.7206916,0,c1ccccc1
230,6.227452,3.0477,0,C1CCCCC1
231,4.947534,0.9057754,0,O=C1CC(=O)NC(=O)N1
232,4.8042207,2.7587318,0,O=C1CCC2C1CCC1C3CCCCC3CCC21
233,10.658722,5.9857335,0,acyclic_OCC(O)C(O)C(O)C(O)CO
234,8.75177,-1.8154006,0,c1ccc(-c2ccccc2)cc1
235,10.089662,7.0552435,0,c1ncncn1
236,10.90296,-0.55877686,0,c1ccccc1
237,10.880187,3.567043,0,acyclic_CCCC(=O)CCC
238,9.849211,3.6583169,0,acyclic_CC(=O)C(C)(C)C
239,5.844034,-2.7308853,0,c1ccccc1
240,6.1288824,1.8819361,0,O=C1CCCCC1
241,8.194652,-1.6615825,0,c1ccccc1
242,7.8282957,3.7329247,0,acyclic_N#CC(Cl)(Cl)Cl
243,9.044992,-1.3318,0,O=c1cccnn1-c1ccccc1
244,11.424774,3.4411907,0,acyclic_CCCCCCCCC(C)=O
245,10.126185,7.1029286,0,c1ncncn1
246,10.820268,1.3623958,0,c1ccccc1
247,5.334187,-2.2626443,0,c1ccccc1
248,5.4834538,-2.5349183,0,c1ccc(C2=NCc3nncn3-c3ccccc32)cc1
249,9.8010645,-0.55687135,0,c1ccccc1
250,11.829131,-2.8306851,0,O=C1Nc2cccnc2Nc2ncccc21
251,8.834903,3.6500444,0,acyclic_CSC
252,8.592189,-1.8979073,0,c1ccccc1
253,10.856746,3.0180643,0,acyclic_CCOC(N)=O
254,3.53323,2.9338226,3,O=C1C=C2C=CC3C4CCCC4CCC3C2CC1
255,11.171361,5.439011,0,acyclic_CC(C)C(O)C(C)C
256,10.033903,-2.3113253,0,c1ccc2ccccc2c1
257,10.72484,-1.1280749,0,c1ccccc1
258,5.4962206,0.4857166,0,O=C1NC(=O)C(c2ccccc2)(c2ccccc2)N1
259,9.063356,-3.3064473,0,c1ccc2cc3c(ccc4ccccc43)cc2c1
260,10.087218,2.1579642,0,O=C1NC(=O)c2ccccc21
261,9.146802,0.43911055,0,c1ccc(Cc2ccccc2)cc1
262,6.562135,-1.8057307,0,O=C(NC(=O)c1ccccc1)Nc1ccccc1
263,11.861702,2.06985,0,O=C1NC(=O)C(c2ccccc2)(c2ccccc2)N1
264,11.954844,0.21991032,0,c1ccccc1
265,9.520921,-1.3748149,0,c1ccc(C(Cn2cncn2)c2ccccc2)cc1
266,3.106628,3.6306188,3,O=C1C=CC2C(=C1)CCC1C3CCCC3CCC21
267,10.634634,8.674344,0,acyclic_CCCCBr
268,8.353718,-0.56026334,0,c1ccccc1
269,10.520333,4.2074776,0,acyclic_CC(=O)CC(C)C
270,6.5551834,3.3610759,0,C1CCCCC1
271,6.388939,-2.8607852,0,c1ccccc1
272,12.110507,-1.0493026,4,O=C(OCc1cccc(Oc2ccccc2)c1)C1CC1
273,4.6617413,0.73885375,0,O=C1CC(=O)NC(=O)N1
274,14.175511,0.82514,2,c1ccccc1
275,9.769155,-3.3989973,0,c1ccc2ccccc2c1
276,10.733397,5.912366,0,acyclic_OCC(O)C(O)C(O)C(O)CO
277,9.093948,5.8076034,0,acyclic_CCS
278,7.7942142,4.036703,0,acyclic_ClCC(Cl)Cl
279,10.592135,0.14672601,0,c1ccc(-n2cccn2)cc1
280,10.153035,0.003737365,0,c1ccccc1
281,14.563876,0.8100563,2,c1ccccc1
282,4.966562,0.972111,0,O=C1CC(=O)NC(=O)N1
283,8.85654,-1.9686013,0,c1ccccc1
284,10.663389,8.92183,0,acyclic_CCCCCCCCl
285,5.0823393,0.9871391,0,O=C1CC(=O)NC(=O)N1
286,10.3788595,-1.1961343,0,c1ccc(CCc2ccccc2)cc1
287,7.8933473,4.0408497,0,acyclic_ClC(Cl)C(Cl)Cl
288,11.71289,-2.6968188,0,O=C1Nc2ccccc2Nc2ncccc21
289,8.982053,-3.2942479,0,c1ccc2c(c1)ccc1ccccc12
290,11.180631,1.3510413,0,c1ccccc1
291,5.8899727,-1.291671,0,c1ccccc1
292,10.26396,3.3527756,0,acyclic_CCN(CC)C(=O)C(Cl)=CCOP(=
293,4.809085,2.5132277,0,O=C1CCC2C3=CCc4ccccc4C3CCC12
294,10.628722,0.9805435,0,O=S(=O)(NNc1ncccn1)c1ccccc1
295,14.354186,0.7158523,2,c1ccccc1
296,10.6146,8.968135,0,acyclic_CCCCCCCl
297,6.1325517,-1.3661385,0,c1ccc(-c2ccccc2)cc1
298,8.087905,5.747423,0,C1CCC(OCC2CCCC(OC3CCCO3)O2)OC1
299,10.535346,8.756368,0,acyclic_CCCCCCCCCCCCCCCCCCCCCCCC
300,11.784254,-2.7859704,0,O=C1Nc2ccccc2Nc2ncccc21
301,11.219348,5.3842053,0,acyclic_CC(Cl)Cl
302,8.14898,-0.6985794,0,c1ccccc1
303,14.49217,1.4315654,2,c1ccccc1
304,7.9230423,3.7481022,0,C1CCCCC1
305,10.5978155,1.2665861,0,c1ccccc1
306,6.283933,-1.9074321,0,c1ccccc1
307,7.7670207,3.7743008,0,acyclic_ClC(Cl)(Cl)Cl
308,14.658901,0.86358416,2,c1ccccc1
309,6.268193,3.063616,0,C1CCCCCCC1
310,3.503183,2.908164,3,O=C1C=C2CCC3C4CCCC4CCC3C2CC1
311,11.392646,0.5629517,0,c1ccccc1
312,5.882679,2.9067423,0,C1CCCCC1
313,9.836605,-2.4120815,0,c1cnc2c(c1)ccc1ncccc12
314,8.697915,4.2666297,0,acyclic_COC(C)(C)C
315,9.146997,0.492849,0,c1ccccc1
316,12.305439,8.117843,1,acyclic_CCCCCCCCCCCCCCCCO
317,6.9267764,0.95938736,0,O=c1cc[nH]c(=O)[nH]1
318,7.495904,0.67911744,0,c1ncc2[nH]cnc2n1
319,6.156742,-2.0023491,0,c1ccc(-c2ccccc2)cc1
320,8.319019,0.43513682,0,c1ccc(C(c2cncnc2)C2CC2)cc1
321,9.716775,-3.4204504,0,c1ccc2c(c1)-c1cccc3c1c-2cc1ccccc13
322,11.280056,0.018095033,0,O=C(Nc1ccccc1)Nc1ccccc1
323,5.3029866,0.55499345,0,O=C1NC(=O)C(c2ccccc2)C(=O)N1
324,5.9567018,-2.4218783,0,c1ccc(-c2ccccc2)cc1
325,11.980116,0.25527012,0,c1ccccc1
326,10.61952,1.6622989,0,c1ccnnc1
327,8.842259,6.8525634,0,acyclic_CCC(C)(C)CO
328,10.976919,3.2183092,0,acyclic_CCCOC(=O)CCC
329,14.465034,1.0388006,2,c1ccccc1
330,10.58814,1.0470458,0,c1ccccc1
331,6.271712,2.9005163,0,C1CCCCCC1
332,9.633023,5.597035,0,acyclic_CCCOC=O
333,8.591839,-1.9393955,0,c1ccccc1
334,6.162897,-2.0806308,0,c1ccccc1
335,11.27628,5.7213902,0,acyclic_CC(C)CC(C)C
336,10.061302,-1.9532187,0,c1ccc2c(c1)oc1ccccc12
337,9.459581,0.3678487,0,c1ccc2c(c1)CCO2
338,11.783647,0.33113077,0,c1ccccc1
339,9.863708,-2.4467487,0,c1ccc2nc3ccccc3cc2c1
340,3.2095382,3.2077284,3,O=C1C=C2CCC3C4CCCC4CC(=O)C3C2CC1
341,8.141998,5.747653,0,C1CCOCC1
342,8.444007,-1.5093096,0,c1ccccc1
343,6.886967,-1.0213621,0,O=C(NN1CCc2ccccc21)c1ccccc1
344,6.090368,2.233615,0,O=C1CCCC(CCC2CC=CC3=CCCCC32)O1
345,14.365636,0.849939,2,c1ccccc1
346,5.29178,1.0835913,0,O=C1NC(=O)C(C2=CCC3CCC2C3)C(=O)N1
347,11.753064,2.9814262,0,acyclic_CCCCCCCCCC(=O)OCC
348,11.457479,-0.106227115,0,c1ccccc1
349,9.224945,5.631871,0,acyclic_CCCOCC
350,11.036927,5.59912,0,acyclic_CC(C)O
351,8.695245,-2.7217288,0,c1ccc2ccccc2c1
352,7.8199277,4.2231073,0,acyclic_ClC(Br)Br
353,8.885436,-0.69682145,0,c1ccc(CCc2ccccc2)cc1
354,10.155713,2.8368258,0,acyclic_CCOC(=O)CC(SP(=S)(OC)OC)
355,10.4430065,-1.1455709,0,c1ccccc1
356,9.006094,4.4322815,0,acyclic_C/C=C/C=O
357,12.1041355,0.34832823,0,c1ccccc1
358,8.60152,-2.1986065,0,c1ccc2cc3ccccc3cc2c1
359,11.8692045,3.033608,0,acyclic_CCCCCC(=O)OC
360,12.1052065,0.2698939,0,O=c1ocnn1-c1ccccc1
361,11.572376,0.14621897,0,c1ccccc1
362,10.786218,1.3349383,0,c1ccccc1
363,6.7035866,2.7818174,0,C1=CCCCC1
364,3.287769,3.1179967,3,O=C1C=C2CCC3C4CCCC4CCC3C2CC1
365,8.133033,0.20421381,0,c1cncnc1
366,14.440368,0.7956998,2,c1ccccc1
367,10.672844,3.3347688,0,acyclic_CCC(=O)OC
368,14.550994,0.7629588,2,c1ccccc1
369,12.093012,0.31996715,0,c1ccccc1
370,6.4260726,1.3487471,0,O=C1NCCN1c1nncs1
371,14.440724,0.7535248,2,c1ccccc1
372,10.120706,-1.334573,0,c1ccccc1
373,6.8875213,-1.0365946,0,O=C1c2ccccc2NCN1c1ccccc1
374,10.621473,0.8090116,0,c1ccccc1
375,11.016229,1.4705064,0,c1ccccc1
376,6.1553535,-1.8037012,0,c1ccccc1
377,11.038016,3.2138348,0,acyclic_CCCC(=O)OC
378,11.764192,0.33122036,0,c1ccccc1
379,10.018846,-2.1225388,0,c1ccc(-c2cnc3ncncc3n2)cc1
380,11.703011,3.0276039,0,acyclic_CCCCCC(=O)OCC
381,10.540768,6.0112753,0,C1CC2OCOC2O1
382,7.878404,-1.282525,0,C(=Nc1ccccc1)NC=Nc1ccccc1
383,10.098756,7.0469155,0,c1ncncn1
384,10.172104,8.2602,0,acyclic_C=CCCCCCC
385,8.096091,-1.3939817,0,c1ccccc1
386,7.715719,0.46283337,0,c1cscn1
387,10.846435,0.56497157,0,c1ccccc1
388,11.112262,6.2835946,0,acyclic_CCCC(O)CC
389,9.82395,-3.148783,0,c1ccc2cc3ccccc3cc2c1
390,8.755119,-2.7943046,0,c1ccc2cc3ccccc3cc2c1
391,8.501997,-2.0130677,0,c1ccccc1
392,11.089104,0.7864291,0,c1ccccc1
393,11.451057,7.1130023,1,acyclic_CCCCCCCC(C)O
394,10.816679,0.10323858,0,O=C(NCc1ccccc1)Nc1ccccc1
395,10.878135,3.581205,0,acyclic_CCCC(=O)CC
396,8.613445,-0.71312135,0,c1ccccc1
397,6.533475,-2.2315912,0,c1ccc(-c2ccccc2)cc1
398,10.710009,0.6023661,0,O=C(COc1nc2ccccc2s1)Nc1ccccc1
399,9.771992,-2.1095815,0,c1ccc2ncccc2c1
400,11.229243,-0.055865876,0,O=C(Nc1ccccc1)C1=COCCS1
401,9.504003,0.11351368,0,c1ccc2scnc2c1
402,5.8478265,-1.3846166,0,c1ccccc1
403,7.9197598,3.9821322,0,acyclic_ClCBr
404,5.1137404,0.96334606,0,O=C1CC(=O)NC(=O)N1
405,3.4380815,2.9231982,3,O=C1C=C2CCC3C4CCCC4CCC3C2CC1
406,10.606984,-0.07109818,0,c1ccccc1
407,12.110308,0.36057162,0,c1ccccc1
408,12.133738,0.36623496,0,c1ccccc1
409,6.2491026,3.0627158,0,C1CCCCCC1
410,10.283798,4.352234,0,c1ccccc1
411,4.6254687,0.7590363,0,O=C1CC(=O)NC(=S)N1
412,9.842746,3.2769704,0,c1nncs1
413,14.54766,0.8662073,2,c1ccccc1
414,7.330148,2.8720243,0,C1=CC2CC1C1C3C=CC(C3)C21
415,6.3440948,2.9711597,0,C1CCOC1
416,14.590677,0.83514225,2,c1ccccc1
417,6.2566304,-2.1502247,0,c1ccc(-c2ccccc2)cc1
418,10.838599,-0.9304478,0,O=C1CC(=O)N(c2ccccc2)N1c1ccccc1
419,14.475082,0.88163966,2,c1ccccc1
420,3.4329548,2.92277,3,O=C1C=C2CCC3C4CCCC4CCC3C2CC1
421,9.744125,6.690743,0,c1ncncn1
422,6.5817184,1.6540813,0,O=C1NC(=O)C2CC=CCC12
423,8.394458,-0.5436515,0,c1ccccc1
424,5.621971,-2.5385597,0,O=C1CN=C(c2ccccc2)c2ccccc2N1
425,4.569052,0.674912,0,O=C1CC(=O)NC(=O)N1
426,8.246453,-1.4762005,0,c1ccccc1
427,6.136438,1.4167199,0,O=C1CSC(=S)N1
428,8.945407,-0.3519548,0,O=c1cc(-c2ccccc2)oc2ccccc12
429,6.457328,1.3990192,0,O=C1C2C3C4CC5C3C1C5C42
430,9.3157625,6.0432935,0,acyclic_CCN(CC)C(=S)SSC(=S)N(CC)
431,6.3536444,2.933326,0,C1CCCCC1
432,7.5719585,3.1027472,0,C1=CC(C2C=CC=C2)C=C1
433,5.9902554,-2.7033594,0,c1ccccc1
434,4.8449807,2.5611138,0,O=C1CCC2c3ccc4ccccc4c3CCC12
435,12.310167,8.121743,1,acyclic_CCCCCCCCO
436,9.125751,5.9711323,0,acyclic_CCSCC
437,7.8016963,3.935385,0,acyclic_ClCCCl
438,8.80713,6.7362947,0,acyclic_CCC(C)(C)Cl
439,7.9217277,4.017503,0,acyclic_ClCCBr
440,14.59253,0.7205599,2,c1ccccc1
441,8.033568,5.792588,0,C1CCC(OC2CCCOC2)OC1
442,11.845435,-2.8434367,0,O=C1Nc2cccnc2Nc2ncccc21
443,6.4807906,-2.3959315,0,c1ccccc1
444,10.218617,8.319736,0,acyclic_C=CCCCCCCC
445,8.52022,-0.5910961,0,c1ccccc1
446,8.825303,6.9016485,0,acyclic_CCC(C)(O)CC
447,11.070358,-0.9312769,0,c1ccccc1
448,5.9146123,1.367162,0,O=C1CNC(=O)N1
449,10.496543,0.4475319,0,c1ccc(Nc2ccnc3ccccc23)cc1
450,6.1490345,-3.0077164,0,c1ccc(Cc2ccccc2)cc1
451,3.4482455,2.9186184,3,O=C1C=C2CCC3C4CCCC4CCC3C2CC1
452,9.746761,-3.445176,0,c1ccc2ccccc2c1
453,11.332099,-2.4233246,0,O=C1Nc2ccccc2Nc2ccccc21
454,11.429126,7.059579,1,acyclic_CCCCC(C)O
455,8.682387,5.9304786,0,C1CCCC1
456,10.738436,0.9063936,0,c1ccc(Cn2ccnc2)cc1
457,5.7327533,-1.5732421,0,c1ccccc1
458,12.206046,-1.1487995,4,O=C(OCc1cccc(Oc2ccccc2)c1)C1CC1
459,9.838729,-1.9976931,0,c1ccc2ocnc2c1
460,12.213341,8.062755,1,acyclic_CCCCCO
461,10.514972,-1.0730035,0,c1ccccc1
462,8.56639,-0.7686504,0,c1ccccc1
463,7.8769464,4.085653,0,acyclic_N#CCCCl
464,10.339841,-1.1506227,0,c1ccccc1
465,5.3204226,0.5890753,0,O=C1NC(=O)C(c2ccccc2)C(=O)N1
466,6.6953726,-2.144167,0,c1ccccc1
467,9.897661,-2.049824,0,c1ccc2[nH]nnc2c1
468,11.020829,0.9931164,0,c1ccc2c(c1)CCO2
469,8.473413,-1.6758127,0,c1ccccc1
470,11.0464945,5.5442758,0,acyclic_CC(C)C(C)O
471,10.228339,-0.77731574,0,c1ccc(Cc2ccccc2)cc1
472,11.911755,3.1726146,0,acyclic_CCCCCCCCCC(=O)OC
473,14.159687,0.74757916,2,c1ccccc1
474,11.317272,5.681516,0,acyclic_CC(C)CBr
475,9.15428,5.9762907,0,acyclic_CCI
476,9.279416,3.6880991,0,c1cncnc1
477,10.605942,8.810917,0,acyclic_CCCCCCBr
478,11.415929,5.9851804,0,acyclic_CCCC(C)C
479,12.1159,-0.9470532,4,O=C(OCc1ccccc1)C1CC1
480,10.7941065,1.2330377,0,c1ccccc1
481,14.457361,0.8094814,2,c1ccoc1
482,12.205816,-0.93128717,4,O=C(CNc1ccccc1)OCc1cccc(Oc2ccccc2)c1
483,7.677076,0.553786,0,c1nc[nH]n1
484,7.8489885,4.071341,0,acyclic_BrC(Br)Br
485,10.206613,4.123468,0,acyclic_COP(=O)(OC)C(O)C(Cl)(Cl)
486,9.864995,2.2640731,0,O=c1[nH]c2ccccc2o1
487,10.317287,-1.0167793,0,c1ccccc1
488,9.437199,-0.3984123,0,O=c1oc2ccccc2cc1C1CCCc2ccccc21
489,8.941143,-0.6641626,0,c1ccccc1
490,11.384107,5.212921,0,acyclic_CC(C)Br
491,11.428409,5.5525765,0,acyclic_CC(C)CC(C)(C)C
492,14.634866,0.98042965,2,c1ccccc1
493,14.628019,0.5552902,2,O=C1CN=C(c2ccccc2)c2ccccc2N1
494,9.147663,5.919812,0,acyclic_CCC
495,7.3624744,0.9317632,0,c1cc(N2CCCCC2)nc[nH+]1
496,9.81617,-2.7593555,0,c1ccc2nc3ccccc3cc2c1
497,9.820191,-3.0917733,0,c1ccc2cc3c(cc2c1)-c1cccc2cccc-3c12
498,6.231654,-3.03234,0,c1ccc(Cc2ccccc2)cc1
499,9.942087,-3.0637977,0,c1cc2c3c(cccc3c1)CC2
500,10.031608,2.1251535,0,O=C1NC(=O)c2ccccc21
501,8.457631,-0.56114674,0,c1ccccc1
502,6.4799466,-0.38251662,0,O=c1[nH]c(=O)n(-c2ccccc2)o1
503,9.72012,-0.8038817,0,c1ccc(-c2ccccc2)cc1
504,11.288187,-0.14959775,0,O=C(Nc1ccccc1)C1=COCCC1
505,9.467196,5.492337,0,acyclic_C=COCC
506,9.070526,6.0642834,0,acyclic_C#CCC
507,8.277919,0.13561054,0,c1cnc2ncncc2n1
508,9.002792,6.9829426,0,acyclic_CCCCC(C)(O)CC
509,6.1749516,-2.9198794,0,c1ccccc1
510,11.844155,1.9528623,0,O=C1NC(=O)C(c2ccccc2)(c2ccccc2)N1
511,10.105541,4.482805,0,O=c1cc[nH]c(=O)[nH]1
512,8.582061,-2.1617284,0,c1ccc2[nH]ccc2c1
513,8.081475,0.16690376,0,c1cnc2ncncc2n1
514,10.811092,0.7341441,0,c1ccc(C2OCCO2)cc1
515,10.489715,4.357406,0,O=C1NCCN1
516,8.573332,3.8822536,0,acyclic_CC#N
517,10.901917,0.6659485,0,c1ccc(Oc2ccccc2)cc1
518,8.337741,-0.46156362,0,O=S(Nc1ccno1)c1ccccc1
519,7.6517735,3.9023335,0,acyclic_ClCC(Cl)(Cl)Cl
520,12.017794,7.935167,1,acyclic_CCCCO
521,11.291195,-0.14016218,0,O=C(Nc1ccccc1)NC1CCCCC1
522,6.228749,-1.234438,0,c1ccccc1
523,9.641047,-0.7786773,0,c1ccoc1
524,10.965086,6.0870695,0,acyclic_CC(C)CCO
525,8.76268,-0.039572682,0,c1ccc2c(c1)OCO2
526,8.886373,3.9422367,0,acyclic_C=C(C)C
527,10.016384,-1.1666976,0,c1ccccc1
528,8.851672,4.0393376,0,acyclic_C=C(C)C(=C)C
529,10.835413,0.9417547,0,c1ccc2c(c1)CCO2
530,11.594707,-2.7259357,0,O=C1Nc2ccccc2Oc2ncccc21
531,10.28741,-1.8509842,0,c1ccc2c(c1)Cc1ccccc1-2
532,6.0781355,2.9958172,0,C1CCCCC1
533,8.202919,-0.48935834,0,c1ccccc1
534,9.943577,0.35568017,0,c1ccccc1
535,6.1051497,2.8804798,0,C1CCOC1
536,5.831258,2.2989156,0,O=C1C=CC2CCC3CC(=O)OC3C2=C1
537,8.024501,5.7237725,0,c1ccc(OC2CCCCO2)cc1
538,9.146862,5.988138,0,acyclic_CCCI
539,10.142185,7.099743,0,c1ncncn1
540,9.352213,6.2282987,0,acyclic_CCCO
541,3.4492028,2.9137235,3,O=C1C=C2CCC3C4CCCC4CCC3C2CC1
542,11.168945,6.214067,0,acyclic_CCCC(C)O
543,10.493772,-0.16060282,0,O=C(Cc1ccccc1)c1ccccc1
544,8.408624,-1.3296973,0,c1ccccc1
545,14.736355,0.92976445,2,c1ccccc1
546,9.253549,-1.6830758,0,O=c1cc[nH]n1-c1ccccc1
547,5.200907,-2.4807365,0,c1ccc(-c2ccccc2)cc1
548,8.11938,3.8411164,0,acyclic_ClC(Cl)=C(Cl)C(Cl)=C(Cl)
549,10.078813,7.041825,0,c1ncncn1
550,11.00571,6.113424,0,acyclic_CCC(C)CCO
551,7.870548,-0.0008317693,0,c1cnc2ncncc2n1
552,3.600218,2.9030368,3,C1=C2CCC3C4CCCC4CCC3C2Cc2cnoc21
553,10.554001,8.592475,0,acyclic_CCCCI
554,9.677764,-2.8443985,0,c1ccc2ccccc2c1
555,5.090736,2.741845,0,O=C1C=C(C2CCC3C2CCC2C4CCC(OC5CCC(OC6CCC(OC7CCCCO7)CO6)CO5)CC4CCC23)CO1
556,9.83878,-1.4133608,0,c1ccccc1
557,11.277516,1.4831502,0,c1ccccc1
558,10.075414,-2.0621684,0,c1ccc2c(c1)sc1ccccc12
559,5.298076,-2.3352427,0,c1ccc(-c2ccccc2)cc1
560,6.2859836,-1.611962,0,c1ccc(-c2ccccc2)cc1
561,10.209644,-0.38759613,0,O=c1oc2ccccc2cc1Cc1ccccc1
562,10.211302,-0.60054684,0,c1ccc(CCc2ccccc2)cc1
563,10.480386,0.53817075,0,c1ccccc1
564,11.772368,2.9744883,0,acyclic_CCCCCCCC(=O)OCC
565,9.20616,6.0293365,0,acyclic_CCSSCC
566,9.185204,5.6378465,0,acyclic_CCOCCOCC
567,6.1112304,-1.3017428,0,c1ccccc1
568,8.270625,-0.528176,0,c1ccc(-c2ccccc2)cc1
569,10.195841,8.285625,0,acyclic_C=CCCCCC
570,10.5429945,8.22558,0,O=c1ccnc[nH]1
571,4.66509,0.7693656,0,O=C1CC(=O)NC(=O)N1
572,6.7153697,-2.1018305,0,c1ccccc1
573,6.3427587,-2.2903733,0,c1ccccc1
574,11.293249,3.733977,0,acyclic_CCCCN(CC)C(=O)SCCC
575,10.307233,8.213321,0,acyclic_CCCCOC=O
576,3.1880605,3.4241743,3,O=C1C=CC2C(=C1)CCC1C3CCCC3CCC21
577,7.7451806,3.9857945,0,acyclic_ClC(Cl)Br
578,3.2614625,3.0690918,3,O=C1C=C2CCC3C4CCC(=O)C4CC(=O)C3C2CC1
579,10.220583,-1.4083585,0,c1ccc(-c2ccc(-c3ccccc3)cc2)cc1
580,9.15016,-0.44366089,0,c1ccccc1
581,8.51379,3.8035946,0,acyclic_CBr
582,8.7073965,-1.9213727,0,O=S(=O)(c1ccccc1)c1ccccc1
583,10.18244,-0.333669,0,O=c1oc2ccccc2cc1Cc1ccccc1
584,9.478937,-2.8525221,0,c1ccc2ccccc2c1
585,7.0502706,0.8364727,0,O=c1nccc[nH]1
586,6.4573307,-2.2676334,0,c1ccc(-c2ccccc2)cc1
587,11.243476,-0.08889068,0,O=C(Nc1ccccc1)c1ccccc1
588,7.023329,0.79442537,0,O=c1nc2[nH]c3ccccc3nc-2c(=O)[nH]1
589,9.856536,-1.373225,0,c1ccccc1
590,5.543277,-1.8288636,0,c1ccccc1
591,12.099965,-0.99130964,4,O=C(OCc1cccc(Oc2ccccc2)c1)C1CC1
592,10.189668,0.040802628,0,O=C(Nc1ccccn1)C1=Cc2ccccc2S(=O)(=O)N1
593,11.872648,1.9898846,0,O=C1NC(=O)C(c2ccccc2)(c2ccccc2)N1
594,6.416119,2.9166365,0,C1CCCC1
595,8.490327,-1.914415,0,c1ccccc1
596,9.175658,0.5068125,0,c1ccccc1
597,11.788208,0.4683809,0,c1ccccc1
598,11.102487,5.156905,0,acyclic_C=CC(C)C
599,9.857375,-1.774702,0,c1ccncc1
600,8.644527,3.6443145,0,acyclic_CC
601,6.6099854,-2.1429462,0,c1ccccc1
602,9.875349,-2.34906,0,c1ccc2scnc2c1
603,7.518371,2.944504,0,c1ccc(-c2ccccc2)cc1
604,8.887606,0.7140215,0,O=c1ccc2cc3ccoc3cc2o1
605,9.775977,3.6077802,0,acyclic_CC(N)=O
606,8.844596,-3.1509955,0,c1ccc2ccccc2c1
607,11.15826,0.6354474,0,c1ccc2ccccc2c1
608,11.3133,5.4458747,0,acyclic_CC(O)C(C)(C)C
609,11.031218,3.0851514,0,acyclic_CCCC(=O)OCC
610,9.251107,-1.9140549,0,O=C1C=CC(=O)c2ccccc21
611,9.691661,-3.3811507,0,c1ccc2c(c1)ccc1ccccc12
612,7.9934607,-1.2350023,0,c1ccncc1
613,12.299271,8.12855,1,acyclic_CCCCCCCCCO
614,8.164313,3.964384,0,acyclic_BrCBr
615,3.101726,3.6508386,3,O=C1C=CC2C(=C1)CCC1C3CCCC3CCC21
616,7.9999943,-1.5566002,0,c1ccc2ccccc2c1
617,10.51336,4.327812,0,acyclic_CCSC(=O)N(CC(C)C)CC(C)C
618,14.05194,1.6348062,2,acyclic_O=[N+]([O-])OCC(CO[N+](=
619,14.633902,0.77221286,2,c1ccccc1
620,10.763896,8.91128,0,acyclic_CCCCCl
621,7.524773,3.6594288,0,C1=CNC=CN1
622,9.281726,-1.4966699,0,O=c1c(-c2ccccc2)c[nH]cc1-c1ccccc1
623,9.681297,-3.4445755,0,c1ccc2c(c1)ccc1c3ccccc3ccc21
624,4.779628,2.561759,0,O=C1CCC2C1CCC1c3ccccc3CCC12
625,11.736396,-2.738063,0,S=C1Nc2ccccc2Nc2ncccc21
626,5.9529004,2.9063816,0,C1CO1
627,14.600156,0.6349559,2,O=C1CN=C(c2ccccc2)c2ccccc2N1
628,9.339174,6.1132107,0,acyclic_CCNC(=S)NCC
629,5.7688713,-1.4608873,0,c1ccccc1
630,11.9490185,3.193222,0,acyclic_CCCCC(=O)OC
631,10.010617,-1.3717391,0,c1ccccc1
632,8.415397,-2.107482,0,c1ccc2ccccc2c1
633,6.9008007,-1.007191,0,O=S1(=O)NCNc2ccccc21
634,9.839098,-2.964488,0,C1=Cc2cccc3cccc1c23
635,11.568605,3.0603354,0,acyclic_CCCCCOC(=O)CC
636,10.178997,7.151346,0,c1ncncn1
637,9.658732,-3.434373,0,c1ccc2c(c1)cc1ccc3cccc4ccc2c1c34
638,9.060459,5.7211566,0,acyclic_CCBr
639,9.078605,5.9940767,0,acyclic_CCC#CCC
640,5.1356163,2.6601157,0,O=C1C=C(C2CCC3C2CCC2C4CCC(OC5CCC(OC6CCC(OC7CCCCO7)CO6)CO5)CC4CCC23)CO1
641,9.248912,5.933191,0,acyclic_C=C(C)CC
642,9.771084,-2.156246,0,c1ccc2ncccc2c1
643,10.244249,-1.7739912,0,c1ccc2c(c1)CCCC2
644,9.299166,-0.51384723,0,O=C1OC(c2ccccc2)(c2ccccc2)c2ccccc21
645,8.4062395,-0.4763057,0,c1ccccc1
646,9.345672,1.8117471,0,c1ccccc1
647,6.9524555,0.61169934,0,O=c1cc[nH]c(=S)[nH]1
648,9.244861,0.42611533,0,c1ccccc1
649,4.7208447,0.687449,0,O=C1CC(=O)NC(=O)N1
650,9.806645,-3.114234,0,c1cc2ccc3cccc4ccc(c1)c2c34
651,11.141742,5.9549026,0,acyclic_CCOC(C)OCC
652,6.9326572,-1.6483929,0,O=C1CCON1Cc1ccccc1
653,11.826428,8.1941805,1,acyclic_CCCCOCCO
654,14.274718,1.1887187,2,c1ccccc1
655,4.780945,2.7696016,0,O=C1CCC2C1CCC1C3CCCCC3CCC21
656,9.088406,-1.2915416,0,O=C1CCCN1c1ccccc1
657,9.990126,-2.2381017,0,c1ccc2ncccc2c1
658,9.8149,0.8144728,0,c1ccccc1
659,9.022463,-0.8881722,0,c1ccc(C(Cn2cncn2)Cn2cncn2)cc1
660,5.6485515,-2.3798766,0,O=c1[nH]c2ccccc2o1
661,5.3262835,-2.318325,0,c1ccc(-c2ccccc2)cc1
662,5.851989,1.2657973,0,O=C1NC(=O)C(=O)C(=O)N1
663,7.9776826,4.0057955,0,acyclic_ClCCCCl
664,8.746899,-0.85891384,0,c1ccccc1
665,6.091792,-2.8915339,0,c1ccccc1
666,11.267094,5.2160378,0,acyclic_CC(C)C(C)C
667,9.300593,5.393372,0,acyclic_C=CCC
668,5.22589,-2.4302654,0,c1ccc(-c2ccccc2)cc1
669,7.231956,0.783591,0,O=c1nccc[nH]1
670,7.7155867,3.7044435,0,acyclic_FC(F)(Cl)C(F)(Cl)Cl
671,8.943334,6.036736,0,acyclic_CCC#N
672,6.191966,-2.8818696,0,c1ccc(Cc2ccccc2)cc1
673,14.356491,0.5293134,2,c1ccccc1
674,4.6406593,2.9060273,0,O=C1CCC2C1CCC1C3CCCCC3=CCC21
675,6.5307026,-0.12859426,0,O=C1C2CC2C(=O)N1c1ccccc1
676,9.873658,-3.2722886,0,c1cc2ccc3ccc4ccc5cccc6c(c1)c2c3c4c56
677,14.423533,1.1957358,2,c1ccccc1
678,8.643589,0.82108265,0,O=C1OCC2C=CC=CC12
679,10.662547,6.032131,0,acyclic_OCC(O)CO
680,9.911839,0.15240942,0,c1ccccc1
681,9.717397,2.2864728,0,c1ccncc1
682,8.875289,-3.2151833,0,c1ccc2cc3ccccc3cc2c1
683,9.155566,-1.6906495,0,O=c1cc[nH]n1-c1ccccc1
684,10.639467,8.468013,0,acyclic_CCCCOC
685,7.9095826,0.04538028,0,c1cnc2ncncc2n1
686,10.071191,7.0551276,0,c1ncncn1
687,9.559378,3.7199793,0,acyclic_CC(=O)N(C)C
688,8.978313,3.7199125,0,c1ncncn1
689,8.268518,3.626614,0,acyclic_C=C
690,8.740612,6.7020016,0,acyclic_CC(C)(C)CCO
691,4.982605,0.8814208,0,O=C1CC(=O)NC(=O)N1
692,5.8078094,-1.4456624,0,c1ccccc1
693,10.006151,-0.33037785,0,c1ccccc1
694,6.334403,-2.8720965,0,c1ccc(Cc2ccccc2)cc1
695,3.2892365,3.1006174,3,O=C1C=C2CCC3C4CCCC4CCC3C2CC1
696,12.13676,0.29848436,0,c1ccc(Oc2ccccc2)cc1
697,8.335826,-1.4560848,0,c1ccccc1
698,11.171498,5.3053584,0,acyclic_CC(C)SC(C)C
699,14.746565,0.9774925,2,c1ccccc1
700,9.911523,2.5868726,0,acyclic_CCOP(=S)(OCC)SCSP(=S)(OC
701,4.701719,0.8061022,0,O=C1CC(=O)NC(=O)N1
702,3.3046088,3.103098,3,O=C1C=C2CCC3C4CCCC4CC(=O)C3C2CC1
703,14.403384,1.1295719,2,c1c[nH]cn1
704,6.1748376,-2.964932,0,c1ccccc1
705,8.843847,6.894578,0,acyclic_CCCC(C)(C)CO
706,8.35444,0.21481545,0,c1ccoc1
707,10.022973,6.9907026,0,c1ncncn1
708,6.411203,3.2448635,0,C1CC2C3CCC(C3)C2C1
709,9.861742,-1.4046384,0,c1ccccc1
710,10.497046,-0.37482578,0,O=C1CC(=O)N(c2ccccc2)N1c1ccccc1
711,3.1945345,3.3668325,3,O=C1C=CC2C(=C1)CCC1C3CCCC3CCC21
712,9.259463,5.5079856,0,acyclic_CCCOC
713,10.5028515,4.161219,0,acyclic_CC(=O)OC(C)C
714,10.08738,-1.3774501,0,c1ccccc1
715,10.857555,1.3298749,0,c1ccccc1
716,11.856874,1.9796685,0,O=C1NC(=O)C(c2ccccc2)(c2ccccc2)N1
717,3.28578,3.0461729,3,O=C1C=C2CCC3C4CCCC4CCC3C2CC1
718,9.61211,-2.2728903,0,c1cc2ccc3ccc4ccc5ccc6ccc1c1c2c3c4c5c61
719,7.1737747,0.8650075,0,O=c1[nH]cnc2[nH]ncc12
720,8.768552,4.5128427,0,acyclic_C=CCl
721,10.48679,-0.1693528,0,c1ccc(Cc2ccccc2)cc1
722,8.151604,3.4822168,0,acyclic_BrC(Br)(Br)Br
723,11.734187,-2.7316506,0,O=C1Nc2ccccc2Nc2ncccc21
724,10.438214,-1.9364761,0,O=C1NC(=O)c2ccccc21
725,6.236253,-2.875381,0,c1ccc(C(c2ccccc2)c2cncnc2)cc1
726,10.544555,0.44684288,0,c1ccccc1
727,7.0316544,0.809168,0,O=c1cc[nH]c(=O)[nH]1
728,10.837806,-0.84597224,0,O=C1CC(=O)N(c2ccccc2)N1c1ccccc1
729,5.5303984,-2.3168304,0,c1ccc(-c2ccccc2)cc1
730,6.853513,-1.0323111,0,O=C1NCNc2ccccc21
731,12.102958,0.31450966,0,c1ccccc1
732,6.6314483,2.797618,0,C1=CCCC1
733,5.718071,1.2666144,0,O=C1NC(=O)C(C2C(=O)NC(=O)NC2=O)C(=O)N1
734,10.452083,8.862692,0,acyclic_CCCCCCCCC
735,6.2214227,-1.7846056,0,c1ccccc1
736,8.963137,-3.2640436,0,c1ccc2c(c1)ccc1c3ccccc3ccc21
737,10.76088,-0.8114102,0,c1ccccc1
738,10.627067,0.8914234,0,c1ccccc1
739,6.605543,0.8634253,0,O=c1cc[nH]c(=O)[nH]1
740,14.625565,0.57628304,2,O=C1CN=C(c2ccccc2)c2ccccc2N1
741,7.9418077,-0.9660595,0,c1ccccc1
742,11.357399,0.41553938,0,c1ccccc1
743,11.395705,7.106748,1,acyclic_CCCCCC(C)C
744,12.131781,-1.0421815,4,O=C(OCc1cccc(Oc2ccccc2)c1)C1CC1
745,8.015959,-1.2686064,0,O=C1CC(=O)N2c3ccccc3N=CN12
746,5.5613284,-2.5291576,0,O=C1CN=C(c2ccccc2)c2ccccc2N1
747,11.131932,5.7824497,0,acyclic_CCC(O)C(C)C
748,9.870412,2.1803455,0,c1ccccc1
749,5.490581,2.818198,0,C1CC2CCC1C2
750,3.5635002,2.8329246,3,O=C1C=C2CCC3C4CCCC4CCC3C2CC1
751,10.487276,8.7764225,0,acyclic_CCCCCCC
752,9.729731,-3.224346,0,c1ccc2ccccc2c1
753,6.0409517,2.983691,0,C1CCCCC1
754,8.952653,0.83942556,0,c1ccc2nc(N3CCNCC3)ncc2c1
755,9.716844,-3.4548562,0,c1cc2c3c(c4ccc5ccccc5c4cc3c1)CC2
756,3.4893944,2.9933016,3,O=C1C=C2C=CC3C4CCCC4CCC3C2CC1
757,11.383105,3.4725316,0,acyclic_CCCCCC(C)=O
758,10.057746,3.6524034,0,acyclic_COP(=O)(NC(C)=O)SC
759,10.540644,8.365995,0,acyclic_CCCCSP(=O)(SCCCC)SCCCC
760,6.4148736,1.3704754,0,O=C1NC(=O)C2C=CC=CC12
761,6.779547,-1.0687046,0,O=S1(=O)NCNc2ccccc21
762,8.838214,4.194526,0,acyclic_CC=C(C)C
763,7.917493,-1.4372169,0,c1ccccc1
764,5.645826,-1.4430298,0,c1ccccc1
765,9.864308,-2.4445372,0,c1ccc2c(c1)cnc1ccccc12
766,8.830931,6.864283,0,acyclic_CCCC(C)(O)CC
767,10.646583,8.829969,0,acyclic_CCCCCCCC
768,9.61405,-2.6361468,0,c1ccc2cc3ccccc3cc2c1
769,10.531346,-1.0025556,0,c1ccccc1
770,9.627928,5.5093446,0,acyclic_CCC=O
771,6.206401,3.0827398,0,C1CCCCCCC1
772,5.0622544,0.8826408,0,O=C1CC(=O)NC(=O)N1
773,7.7195315,4.0130496,0,acyclic_ClC(Cl)Cl
774,7.2323837,0.90859896,0,O=c1ccnc[nH]1
775,11.71736,-0.16096158,0,O=C(Nc1ccccc1)N(Cc1ccccc1)C1CCCC1
776,6.843202,2.690973,0,C1=CCCCC1
777,10.398331,8.375381,0,acyclic_CCCCC(C=O)CC
778,8.890039,0.5275975,0,O=c1ccoc2cc3occc3cc12
779,4.673507,0.7858022,0,O=C1CC(=O)NC(=O)N1
780,9.672847,-3.5405526,0,c1ccc2c3c(ccc2c1)-c1cccc2cccc-3c12
781,9.794052,5.624586,0,acyclic_CCC(C=O)CC
782,9.04301,5.772476,0,acyclic_CCCOCCC
783,12.363156,8.16591,1,acyclic_CCCCCCCCCCCCCCO
784,5.802662,-1.530469,0,c1ccccc1
785,9.161968,3.6282098,0,acyclic_NC(N)=O
786,9.001367,6.0853095,0,acyclic_C#CCCC
787,8.684983,-0.7591282,0,c1ccccc1
788,12.382225,8.172744,1,acyclic_CCCCCCCCCCCCCCCCCCO
789,11.257923,-0.050999556,0,c1ccccc1
790,8.950061,-0.11469451,0,O=C1C=CC2=C3c4ccccc4OCC3CC2=C1
791,9.993606,0.33957544,0,c1ccncc1
792,7.345823,2.9199152,0,C1=CC2C3C=CC(C3)C2C1
793,10.884159,5.1163187,0,acyclic_CC(C)CCOC=O
794,10.530374,-0.017622184,0,c1ccccc1
795,9.8415365,-2.4945896,0,c1ccc2nc(-c3ccc4ccccc4n3)ccc2c1
796,9.879458,3.02353,0,acyclic_CCOP(=O)(OCC)OCC
797,5.8185678,2.4201713,0,O=C1CC2CCC1C2
798,7.946134,0.30757657,0,c1cnc2ncncc2n1
799,7.3397627,2.9075336,0,C1=CC2C3C=CC(C3)C2C1
800,14.026531,1.6748447,2,acyclic_CC(C)[N+](=O)[O-]
801,9.99049,-2.0992286,0,c1ccc2c(c1)[nH]c1ccccc12
802,10.629354,6.002379,0,acyclic_OCC(O)C(O)CO
803,11.054164,1.5801604,0,c1ccccc1
804,10.020665,3.7625885,0,acyclic_CNC(=O)C=C(C)OP(=O)(OC)O
805,6.0451813,1.5828093,0,O=C1CCC(=O)N1
806,11.383041,5.8620815,0,acyclic_CCC(C)C(C)C
807,10.320481,7.521964,0,c1cncnc1
808,11.811992,-2.818605,0,S=C1Nc2cccnc2Nc2ncccc21
809,11.194597,-2.333811,0,O=C1Nc2ccccc2Oc2ccccc21
810,6.3635793,2.9770582,0,C1CCOCC1
811,10.79852,8.735029,0,acyclic_C#CCCCCC
812,9.057598,0.67131937,0,O=c1ccc2ccccc2o1
813,8.935481,-3.2892976,0,c1cc2c3c(c4ccc5ccccc5c4cc3c1)CC2
814,10.820615,0.8902415,0,c1ccccc1
815,11.397912,5.6141763,0,acyclic_CC(C)CCl
816,4.7118125,2.591821,0,c1ccc2c(c1)CCC1C2CCC2CCCC21
817,11.995346,3.2616186,0,acyclic_CCCCCCCCCCCC(=O)OC
818,9.164911,6.006227,0,acyclic_CCCSCCC
819,9.706133,-2.7415974,0,c1ccc2cc3cc4ccccc4cc3cc2c1
820,10.564509,8.77835,0,acyclic_CCCCCBr
821,10.305603,8.281955,0,acyclic_C/C=C/CCCC
822,14.606308,1.190759,2,c1c[nH]cn1
823,10.574591,8.70725,0,C1CCCC1
824,5.213915,-2.2946706,0,c1ccc(-c2ccccc2)cc1
825,4.7790146,0.66046184,0,O=C1CC(=O)NC(=O)N1
826,7.83382,3.6621056,0,acyclic_CC(Cl)(Cl)Cl
827,11.911755,0.12123708,0,c1ccccc1
828,5.4936714,1.3306557,0,O=C1NC(=O)C2(CCCCC2)C(=O)N1
829,6.520285,2.331272,0,O=C1C=CCCC1
830,8.087681,-1.4595865,0,c1ccccc1
831,9.321099,5.731835,0,acyclic_CCOCC
832,6.625584,0.14621605,0,O=C1CNC(=O)N1c1ccccc1
833,14.442812,1.4379555,2,c1ccccc1
834,8.243164,-1.4392519,0,c1ccccc1
835,8.429487,0.27698603,0,c1ccccc1
836,6.1502023,-2.93102,0,c1ccccc1
837,12.082409,0.30575433,0,c1ccccc1
838,10.712291,0.094359085,0,c1ccccc1
839,10.031653,-1.2660252,0,c1ccccc1
840,9.248966,5.276461,0,acyclic_COCOC
841,8.349224,-2.0863276,0,c1ccccc1
842,11.134806,6.0485616,0,acyclic_CCC(C)O
843,9.000294,-0.60259295,0,c1ccccc1
844,4.782802,2.6049874,0,c1ccc2c(c1)CCC1C2CCC2CCCC21
845,9.967324,-2.8522646,0,c1ccc2c(c1)Cc1cc3ccccc3cc1-2
846,6.1428022,1.4380937,0,O=C1CNC(=O)N1
847,12.284381,8.007097,1,c1ccccc1
848,8.899425,4.6469426,0,acyclic_C=CCSS(=O)CC=C
849,9.784302,2.2742732,0,O=c1ccc2ccccc2o1
850,8.942844,-3.2901,0,c1ccc2c(c1)ccc1c3ccccc3ccc21
851,3.0429564,3.6978242,3,O=C1C=CC2C(=C1)CCC1C3CCCC3CCC21
852,6.3413496,1.3195423,0,O=c1[nH]c(=O)c2[nH]c(=O)[nH]c2[nH]1
853,5.7682977,-1.4800992,0,c1ccccc1
854,6.189825,-2.28484,0,c1ccccc1
855,6.1276536,-2.988285,0,c1ccc(Cc2ccccc2)cc1
856,10.904209,5.2501106,0,acyclic_CC(C)COC=O
857,10.085973,-1.2743756,0,c1ccccc1
858,11.759316,-2.7634523,0,O=C1Nc2cccnc2Nc2ncccc21
859,10.22273,8.545054,0,acyclic_CCCCCC
860,10.207809,0.35872972,0,c1ccncc1
861,6.9227495,-0.9970961,0,O=S1(=O)NC(Cc2ccccc2)Nc2ccccc21
862,5.9580927,-1.5173113,0,c1ccc(-c2ccccc2)cc1
863,6.5560713,-0.12705685,0,O=C1COC(=O)N1c1ccccc1
864,9.974154,6.980961,0,c1ncncn1
865,10.037342,-2.0881326,0,c1ccc2c(c1)c1ccccc1c1ccccc21
866,9.002353,-0.5920641,0,C=C(C(=C)c1ccccc1)c1ccccc1
867,11.121529,1.342933,0,c1ccccc1
868,10.637134,-1.4388881,0,c1ccncc1
869,10.041148,3.9541943,0,acyclic_COP(=O)(OC)OC(Br)C(Cl)(C
870,10.151854,-1.4331062,0,c1ccc(-c2ccccc2)cc1
871,6.1266994,-1.2872878,0,c1ccc(-c2ccccc2)cc1
872,9.066681,3.663229,0,c1ncncn1
873,11.289908,5.6724305,0,acyclic_CC(C)CC(C)(C)O
874,5.5234094,1.3463765,0,O=C1NC(=O)C2(CCCCCC2)C(=O)N1
875,8.191982,5.6922193,0,C1CCOC1
876,8.216481,-1.3427715,0,c1ccccc1
877,11.301085,0.40504974,0,c1ccccc1
878,11.686427,0.004409838,0,c1ccccc1
879,5.3123355,-2.3380835,0,c1ccc(-c2ccccc2)cc1
880,8.739569,6.802476,0,acyclic_CCC(C)(C)C
881,10.588936,-1.0160062,0,c1ccccc1
882,8.8980255,4.740812,0,acyclic_C=CCC=C
883,3.2852733,3.063176,3,O=C1C=C2CCC3C4CCCC4CCC3C2CC1
884,14.539469,0.9432317,2,c1ccccc1
885,5.523382,-2.4897065,0,O=C1CN=C(c2ccccc2)c2ccccc2N1
886,5.739779,-1.8302572,0,c1ccccc1
887,6.285253,-2.0835876,0,c1ccccc1
888,6.8283825,-1.0170467,0,O=S1(=O)NC=Nc2ccccc21
889,5.1698794,0.9457645,0,O=C1CC(=O)NC(=O)N1
890,10.4258585,-1.0328956,0,c1ccccc1
891,10.495086,-1.0882546,0,c1ccc(Cc2ccccc2)cc1
892,11.474382,7.150119,1,acyclic_CCCCCC(O)CC
893,14.491142,1.4862883,2,c1ccc(CNc2ccccc2)cc1
894,10.087822,7.085439,0,c1ncncn1
895,11.2049055,6.1522765,0,acyclic_CCCC(C)CO
896,9.01607,7.053348,0,acyclic_CCCCC(C)(C)O
897,10.6878805,-1.2490352,0,c1ccccc1
898,5.074989,0.8900809,0,O=C1CC(=O)NC(=O)N1
899,7.2861834,2.8644264,0,C1=CC2C3C=CC(C3)C2C1
900,4.634433,0.7888972,0,O=C1CC(=O)NC(=O)N1
901,12.094196,-1.0019987,4,O=C(OCc1cccc(Oc2ccccc2)c1)C1CC1
902,10.709715,4.0054464,0,acyclic_COC(C)(C)CCCC(C)CC=CC(C)
903,10.78889,3.0834584,0,acyclic_CCOC(=O)CC
904,10.106786,7.0836916,0,c1ncncn1
905,12.006516,0.1745748,0,c1ccccc1
906,8.656488,-2.722938,0,c1ccc2ccccc2c1
907,5.2672787,-2.5032842,0,c1ccc(-c2ccccc2)cc1
908,5.127135,-2.4757206,0,c1ccc(-c2ccccc2)cc1
909,8.501123,3.5740106,0,acyclic_N#CN=C(N)N
910,14.022606,1.6309105,2,acyclic_O=[N+]([O-])C(Cl)(Cl)Cl
911,6.704061,-2.2128036,0,c1ccc(-c2ccccc2)cc1
912,9.071811,0.54821956,0,c1ccccc1
913,14.176295,0.83870214,2,c1ccccc1
914,11.749289,2.9230387,0,acyclic_CCCCCCC(=O)OCC
915,11.334085,0.3383312,0,c1ccccc1
916,9.973096,-2.408945,0,c1ccc2[nH]ncc2c1
917,3.1017754,3.6846802,3,O=C1C=CC2C(=C1)CCC1C2CCC2C1CC1OCOC12
918,7.2471867,0.78101313,0,O=c1[nH]cnc2[nH]cnc12
919,10.082603,3.6382535,0,acyclic_COC(C)=O
920,4.754781,2.7661123,0,O=C1CCC2C(CCC3C4CCCC4CCC23)C1
921,10.477797,6.1277504,0,acyclic_C=CC(O)CCC
922,9.537173,-1.381781,0,O=C1NC(=O)C2C3C(C(c4ccccc4)c4ccccn4)=CC(C3=C(c3ccccc3)c3ccccn3)C12
923,10.675475,8.444688,0,acyclic_CCCCOCCCC
924,12.313803,8.09526,1,acyclic_CCCCCCCCCCCCO
925,11.842342,-2.8141997,0,O=C1Nc2cccnc2Nc2ncccc21
926,8.860582,6.893894,0,acyclic_CCCC(C)(C)O
927,7.144973,0.7810288,0,O=c1nccc[nH]1
928,11.14255,1.5619087,0,c1ccccc1
929,9.100632,7.190341,0,acyclic_CCCCCC(C)(C)O
930,8.398802,3.3353577,0,c1ccccc1
931,8.31808,-1.4667898,0,c1ccccc1
932,7.873133,0.15768293,0,c1cnc2ncncc2n1
933,13.995324,0.9047773,2,c1ccccc1
934,8.234219,3.7259805,0,acyclic_C
935,10.325092,-1.7803359,0,c1ccc2c(c1)CCN2
936,14.536737,0.6280941,2,c1ccc2ccccc2c1
937,10.673312,4.229708,0,acyclic_CCC(C)C(C)=O
938,7.705286,0.588136,0,c1ncc2[nH]cnc2n1
939,10.129805,-0.48785174,0,O=c1oc2ccccc2cc1C(CCc1ccc(-c2ccccc2)cc1)c1ccccc1
940,14.051807,1.6314123,2,acyclic_C[N+](=O)[O-]
941,10.456321,4.534122,0,acyclic_CC(C)N(C(=O)SCC(Cl)=C(Cl
942,8.923976,4.807726,0,acyclic_C=CCCC=C
943,10.039996,-2.2561374,0,c1ccc2[nH]ccc2c1
944,3.3237407,2.8647535,3,O=C1C=C2CCC3C4CCC(=O)C4CCC3C2CC1
945,10.232883,8.300113,0,acyclic_C=CCCCC
946,7.030348,-1.0557765,0,O=C(Nc1ccccc1)c1ccccc1
947,6.332697,3.242222,0,C1CCCCC1
948,11.456195,3.4972882,0,acyclic_CCCCCCCC(C)=O
949,10.75957,0.6382948,0,O=C(c1ccccc1)c1ccc2nc[nH]c2c1
950,11.409701,0.34937412,0,c1ccccc1
951,11.813514,-2.8121455,0,O=C1Nc2cccnc2Nc2ncccc21
952,10.927124,0.7490291,0,c1ccc2ccccc2c1
953,8.2500925,3.6020014,0,acyclic_C#C
954,7.993314,-1.2758076,0,c1ccncc1
955,6.877384,2.8593283,0,C1=CCC=CC1
956,10.012061,2.80358,0,acyclic_CCOC(=O)N(C)C(=O)CSP(=S)
957,10.273682,-0.6164971,0,c1ccccc1
958,11.43787,5.5491514,0,acyclic_CC(Cl)CCl
959,9.640746,5.368223,0,acyclic_CCCC=C(C=O)CC
960,9.938888,2.586788,0,acyclic_CCOP(=S)(OCC)SCCSCC
961,3.4508789,2.9220283,3,O=C1C=C2CCC3C4CCCC4CCC3C2CC1
962,6.279296,-2.4397688,0,c1ccc(-c2ccccc2)cc1
963,11.661666,0.08139484,0,O=C(NC(=O)c1ccccc1)Nc1ccccc1
964,5.5096035,-1.8487097,0,c1ccc(Oc2ccccc2)cc1
965,10.902263,1.0842669,0,c1ccccc1
966,3.2904131,3.0764654,3,O=C1C=C2CCC3C4CCCC4CCC3C2CC1
967,8.093893,-1.2675177,0,c1ccccc1
968,11.321009,1.4002635,0,c1ccccc1
969,12.323547,8.119375,1,acyclic_CCCCCCCCCCCCCCCO
970,6.4165864,-2.1124718,0,c1ccc(-c2ccccc2)cc1
971,5.4030604,1.142766,0,O=C1CC(=O)NC(=O)N1
972,11.314566,5.2723913,0,acyclic_CC(C)I
973,14.454343,0.7883114,2,c1ccccc1
974,10.531043,4.295183,0,acyclic_CC(=O)C(C)C
975,10.610827,8.901442,0,acyclic_CCCCCCCCCCCCCCCC
976,5.807139,2.837722,0,C1CC2CCC1CO2
977,8.330342,-1.8694998,0,c1ccc2c(c1)sc1nncn12
978,11.453346,3.5444834,0,acyclic_CCCCCCC(C)=O
979,11.852094,3.316999,0,acyclic_CCCCCCCCC(=O)OC
980,8.4521,-0.46121415,0,c1ccccc1
981,10.494331,-1.9317175,0,O=C1CCC(N2C(=O)c3ccccc3C2=O)C(=O)N1
982,14.491862,1.493673,2,c1ccccc1
983,9.361051,6.2475686,0,acyclic_CCO
984,5.393268,1.2438296,0,O=C1NC(=O)C2(CCCC2)C(=O)N1
985,11.189653,0.30723584,0,c1ccccc1
986,12.118931,-1.0059425,4,O=C(OCc1cccc(Oc2ccccc2)c1)C1CC1
987,6.4273734,3.3378544,0,C1CCCCCCC1
988,7.7847757,3.5661466,0,C1C2C3C4CC5C3C1C5C24
989,10.495858,8.944549,0,acyclic_CCCCCCCCBr
990,11.397357,1.1234131,0,c1ccc2[nH]cnc2c1
991,9.266305,-1.6548278,0,O=c1cc[nH]n1-c1ccccc1
992,10.972399,6.0569763,0,acyclic_CCC(O)CC
993,14.461887,0.89735866,2,c1ccccc1
994,10.851967,6.2451982,0,acyclic_CC(C)CCCO
995,3.4928122,2.9479916,3,O=C1C=C2CCC3C4CCCC4CCC3C2CC1
996,10.365649,4.1457872,0,c1ccc(Cc2ccccc2)cc1
997,9.350517,-1.6101995,0,O=c1cccnn1-c1ccccc1
998,8.777756,6.7683306,0,acyclic_CCC(C)(C)O
999,8.564249,-1.2393247,0,c1ccccc1
1000,9.62032,5.419664,0,acyclic_CCOC=O
1001,10.150309,-1.2973893,0,c1ccccc1
1002,6.194334,3.112051,0,C1CCC2CCCCC2C1
1003,10.593525,8.569003,0,acyclic_CCCCS
1004,9.646697,-3.5474708,0,c1ccc2c(c1)c1cccc3ccc4cccc2c4c31
1005,8.265027,3.796924,0,acyclic_ClC(Cl)=C(Cl)Cl
1006,10.694709,3.5441437,0,acyclic_CCC(=O)CC
1007,8.768873,4.447068,0,acyclic_C=CC#N
1008,3.103072,3.6701784,3,O=C1C=CC2C(=C1)CCC1C3CCCC3CCC21
1009,11.278839,3.5455825,0,acyclic_CCCCC(C)=O
1010,10.1390505,6.9727874,0,c1ncncn1
1011,11.321173,7.094402,1,acyclic_CCCCC(C)CC
1012,8.222343,3.8704722,0,acyclic_BrCCBr
1013,10.813016,0.7128388,0,c1ccccc1
1014,14.466129,1.2030406,2,O=C1NCCN1c1nccs1
1015,9.576231,-3.6170971,0,c1ccc2c(c1)Cc1c-2ccc2ccccc12
1016,6.7035875,-2.116354,0,c1ccccc1
1017,9.340154,1.7812943,0,c1ccccc1
1018,10.488125,-0.2047399,0,O=C1C=CC(=O)c2ccccc21
1019,6.174873,-3.05642,0,c1ccc(Cc2ccccc2)cc1
1020,9.953912,3.8490899,0,acyclic_C=CC(=O)OC
1021,11.974981,0.18356612,0,c1ccc(Oc2ccccc2)cc1
1022,10.0646105,-1.4253668,0,c1ccc(N=Nc2ccccc2)cc1
1023,7.964103,-1.6885717,0,c1ccccc1
1024,6.1422324,-1.7796447,0,c1ccccc1
1025,8.05084,5.7607026,0,C1CCC(OC2CCCO2)OC1
1026,8.273263,3.9451778,0,C1CCCCC1
1027,6.9883275,0.86751187,0,O=c1[nH]c(=O)c2[nH]cnc2[nH]1
1028,14.280116,1.1911552,2,c1ccccc1
1029,8.838703,6.740638,0,acyclic_CCC(O)(CC)CC
1030,4.990924,2.7644064,0,C1CC2CCC3C4CC5SC5CC4CCC3C2C1
1031,9.877556,-1.6295406,0,c1ccccc1
1032,5.7401614,-1.5473137,0,c1ccccc1
1033,14.509321,1.4942404,2,c1ccccc1
1034,10.708058,-2.1216645,0,O=C1Nc2ccccc2Cc2ccccc21
1035,10.620578,4.382528,0,acyclic_CC(C)C(=O)C(C)C
1036,4.758268,0.8552524,0,O=C1CC(=O)NC(=O)N1
1037,8.700953,0.8481774,0,O=C1C2C=CC=CC2OC2C=CC=CC12
1038,6.9306345,0.85297465,0,O=c1[nH]c(=O)c2[nH]cnc2[nH]1
1039,3.6355038,2.8889983,3,O=C1C=C2CCC3C(CCC4C3CCC43CCC(=O)O3)C2CC1
1040,8.452867,-1.2710345,0,c1ccccc1
1041,10.252737,-0.97156364,0,c1ccc(Oc2ccccc2)cc1
1042,6.079805,-1.3433671,0,c1ccc(-c2ccccc2)cc1
1043,9.8216,-0.10709588,0,c1ccncc1
1044,10.069277,-1.4939566,0,c1ccccc1
1045,10.921909,0.9061302,0,c1ccccc1
1046,7.2652307,2.990148,0,C1=CC2CC1C1CCCC21
1047,8.581017,3.8307781,0,acyclic_CSSC
1048,10.295172,-0.12332011,0,c1ccccc1
1049,6.548325,-2.2637558,0,c1ccccc1
1050,8.0199995,5.6418314,0,c1ccc(OC2CCCC(COC3CCCCO3)O2)cc1
1051,11.475587,7.1576576,1,acyclic_CCCCC(O)CC
1052,11.693086,-2.7096298,0,O=C1Nc2cccnc2Nc2ncccc21
1053,5.736918,-1.6760201,0,c1ccccc1
1054,8.890892,-3.2267423,0,c1ccc2c(c1)ccc1ccccc12
1055,11.40796,7.1921067,1,acyclic_CCCCC(CC)CO
1056,10.470834,4.619116,0,acyclic_CC(C)N(C(=O)SCC(Cl)=CCl)
1057,8.787507,-1.9078213,0,c1ccccc1
1058,6.970268,-2.3469737,0,c1ccncc1
1059,6.474465,2.914193,0,C1=CCCCCC1
1060,9.259234,3.7596111,0,acyclic_CN(C)C(=S)SSC(=S)N(C)C
1061,8.610654,0.86124206,0,O=C1C=CC2(CC1)Oc1ccccc1C2=O
1062,12.359489,8.166174,1,acyclic_CCCCCCCCCCO
1063,8.814903,6.729072,0,acyclic_CCC(C)(C)CC
1064,10.3076935,3.8131764,0,acyclic_CNC(=O)C(C)SCCSP(=O)(OC)
1065,5.64089,-1.4922856,0,c1ccccc1
1066,9.661764,5.662276,0,acyclic_CCCC=O
1067,3.110944,3.633097,3,O=C1C=CC2C(=C1)CCC1C3CCCC3CCC21
1068,9.163745,6.1917124,0,acyclic_CCCC
1069,10.00844,0.26421934,0,c1ccccc1
1070,3.1662872,3.6840138,3,O=C1C=CC2C(=C1)CCC1C3CCCC3CCC21
1071,7.5647607,3.8072853,0,acyclic_ClC(Cl)C(Cl)(Cl)Cl
1072,10.691882,1.0865315,0,c1ccccc1
1073,10.930814,6.030786,0,acyclic_CC(C)CO
1074,10.115727,-0.8173023,0,c1ccccc1
1075,8.243305,4.116008,0,acyclic_ICI
1076,11.053316,6.385525,0,acyclic_CCCC(O)CCC
1077,11.554104,3.1958473,0,acyclic_CCCCCOC(C)=O
1078,5.750718,-1.5235562,0,c1ccccc1
1079,10.7805805,-1.0706336,0,c1ccccc1
1080,7.7178564,3.7134907,0,acyclic_FC(F)(Cl)C(F)(F)Cl
1081,8.994189,4.418857,0,acyclic_CC=CC=O
1082,9.309361,3.7350976,0,acyclic_CN(C)C(=O)N(C)C
1083,7.989466,-1.2059731,0,c1ccccc1
1084,3.5923357,2.9048164,3,O=C1C=C2CCC3C4CCCC4CCC3C2CC1
1085,10.13049,1.9090092,0,O=C1NC(=O)c2ccccc21
1086,11.121077,-0.111308634,0,O=C(Nc1ccccc1)c1ccccc1
1087,9.3694515,5.9154925,0,acyclic_C=C(Cl)CSC(=S)N(CC)CC
1088,9.032349,6.1379566,0,acyclic_CCCl
1089,10.324513,1.399925,0,c1ccccc1
1090,8.929592,-0.052690025,0,O=C(C=CC=Cc1ccc2c(c1)OCO2)N1CCCCC1
1091,9.380171,5.698383,0,acyclic_C/C=C\CC
1092,10.021198,3.5431805,0,acyclic_CNC(=O)ON=C(CSC)C(C)(C)C
1093,5.41844,1.3068205,0,O=C1NC(=O)C2(CCCCCCC2)C(=O)N1
1094,11.0900955,1.135627,0,c1ccccc1
1095,8.867428,-0.31491515,0,O=C1CC(c2ccccc2)Oc2ccccc21
1096,10.406302,-0.21866398,0,O=C(c1ccccc1)c1ccccc1
1097,10.526287,8.773631,0,acyclic_CCCCCCCCCCCCCCCCCCCC
1098,10.588747,-1.0818886,0,c1ccc(NNc2ccccc2)cc1
1099,11.028856,6.1638136,0,acyclic_CCC(CC)CO
1100,9.167262,-0.6721515,0,c1ccncc1
1101,8.229437,4.062279,0,acyclic_Cl/C=C\Cl
1102,6.127328,3.0555723,0,C1CCCC1
1103,11.001755,5.887414,0,acyclic_CC(C)CC(C)O
1104,7.3360047,0.19722298,0,O=C1Nc2ccccc2Oc2ccccc21
1105,8.816977,6.843157,0,acyclic_CC(C)(C)CO
1106,6.367579,-3.2364347,0,c1ccc(OCn2cncn2)cc1
1107,10.866117,0.18228215,0,O=C(NNCc1ccccc1)c1ccon1
1108,9.01564,4.4192796,0,acyclic_C=CC
1109,5.502046,-1.948154,0,c1ccc(Cc2ccccc2)cc1
1110,11.258076,0.55972135,0,O=C(Nc1ccccc1)Oc1ccccc1
1111,10.30202,-1.8336856,0,O=C1c2ccccc2C(=O)c2ccccc21
1112,11.460643,7.123274,1,acyclic_CCCCCCC(C)O
1113,11.224504,-0.11198553,0,O=C(Nc1ccccc1)C1=COCCS1(=O)=O
1114,10.847182,-1.0235263,0,c1ccccc1
1115,5.69064,1.2093818,0,O=C1NC(=O)C(=O)N1
1116,9.527961,1.8748724,0,c1ccc(Sc2ccccc2)cc1
1117,6.8060827,-1.1218672,0,O=C1NC(c2ccccc2)c2ccccc21
1118,10.564649,4.15851,0,acyclic_CC(=O)OCC(C)C
1119,11.318453,5.3766065,0,acyclic_CC(C)C(C)(C)C
1120,6.157473,-1.4411842,0,c1ccc(-c2ccccc2)cc1
1121,10.057157,-1.4577138,0,c1ccccc1
1122,14.506152,0.9549622,2,c1ccccc1
1123,7.5977807,3.7340517,0,acyclic_FC(F)(F)C(Cl)Br
1124,9.718802,3.6199136,0,acyclic_CNC(=O)ON=C(SC)C(=O)N(C)
1125,9.886668,2.4782903,0,acyclic_CCSCCSP(=S)(OC)OC
1126,11.376894,6.0006,0,acyclic_CCC(C)C
1127,9.189694,1.6575898,0,c1ccccc1
