idx,smiles,canonical_smiles,logS,scaffold,fold,prediction,abs_error,uncertainty,in_AD_tanimoto_0.4,high_error,MW,logP,HBD,HBA,TPSA,RotBonds,AromaticRings,FractionCSP3,RingCount,HeavyAtomCount,NumStereocenters,MolRefractivity
17,N#Cc1ccccc1,N#Cc1ccccc1,-1.0,c1ccccc1,0,-1.3248732093103157,0.3248732093103157,1.4018459829188215,False,False,103.12399999999997,1.5582799999999999,0,1,23.79,0,1,0.0,1,8,0,31.156999999999996
23,CCOc1ccc(NC(=O)C)cc1,CCOc1ccc(NC(C)=O)cc1,-2.35,c1ccccc1,0,-2.534306344048201,0.1843063440482009,1.7569745380041046,False,False,179.219,2.0437,1,2,38.33,3,1,0.3,1,13,0,51.914700000000025
24,CCN(CC)c1c(cc(c(N)c1N(=O)=O)C(F)(F)F)N(=O)=O,CCN(CC)c1c([N+](=O)[O-])cc(C(F)(F)F)c(N)c1[N+](=O)[O-],-5.47,c1ccccc1,0,-3.4984059165825214,1.9715940834174783,2.2170921800553263,True,True,322.243,2.9502000000000006,1,6,115.54000000000002,5,1,0.45454545454545453,1,22,0,72.72619999999999
30,CCc1ccc(CC)cc1,CCc1ccc(CC)cc1,-3.75,c1ccccc1,0,-2.7197450905320952,1.0302549094679048,1.8042722493038514,False,False,134.22199999999998,2.811400000000001,0,0,0.0,2,1,0.4,1,10,0,45.19800000000003
37,CN(C)C(=O)SCCCCOc1ccccc1,CN(C)C(=O)SCCCCOc1ccccc1,-3.927,c1ccccc1,0,-2.695926658353347,1.231073341646653,1.7972175509526378,False,True,253.367,3.2604000000000024,0,3,29.540000000000003,6,1,0.46153846153846156,1,17,0,72.71200000000005
46,CC(=O)Nc1ccc(Br)cc1,CC(=O)Nc1ccc(Br)cc1,-3.083,c1ccccc1,0,-2.2688176657654693,0.8141823342345309,1.4033585470572512,False,False,214.06199999999998,2.4074999999999998,1,1,29.1,1,1,0.125,1,11,0,48.445700000000016
55,Cc1ccccc1O,Cc1ccccc1O,-0.62,c1ccccc1,0,-1.5058035027530208,0.8858035027530208,1.4655670009212183,False,False,108.13999999999999,1.70062,1,1,20.23,0,1,0.14285714285714285,1,8,0,32.843799999999995
63,Nc1ccc(O)cc1,Nc1ccc(O)cc1,-0.8,c1ccccc1,0,-0.8327399334888774,0.03273993348887738,1.3755458102696694,False,False,109.12799999999999,0.9743999999999999,2,2,46.25,0,1,0.0,1,8,0,32.5192
83,Cc1ccc(C)cc1,Cc1ccc(C)cc1,-2.77,c1ccccc1,0,-2.3626395938906066,0.4073604061093934,1.5107327072506174,False,False,106.16799999999999,2.30344,0,0,0.0,0,1,0.25,1,8,0,35.916
84,CCc1ccccc1CC,CCc1ccccc1CC,-3.28,c1ccccc1,0,-2.562760227325824,0.7172397726741759,1.6216811709649177,False,False,134.22199999999998,2.811400000000001,0,0,0.0,2,1,0.4,1,10,0,45.19800000000003
90,O=N(=O)c1c(Cl)c(Cl)ccc1,O=[N+]([O-])c1cccc(Cl)c1Cl,-3.48,c1ccccc1,0,-3.341130484611946,0.13886951538805414,2.050324823408418,False,False,192.00100000000003,2.901600000000001,0,2,43.14,1,1,0.0,1,11,0,43.11640000000001
96,c1(C#N)c(Cl)c(C#N)c(Cl)c(Cl)c(Cl)1,N#Cc1c(Cl)c(Cl)c(Cl)c(C#N)c1Cl,-5.64,c1ccccc1,0,-3.4778049778477125,2.162195022152287,2.429250544625238,False,True,265.914,4.043559999999999,0,2,47.58,0,1,0.0,1,14,0,55.912000000000006
99,CC(C)c1ccccc1,CC(C)c1ccccc1,-3.27,c1ccccc1,0,-2.816153631268615,0.45384636873138495,1.5485352490583884,True,False,120.19499999999995,2.8100000000000014,0,0,0.0,1,1,0.3333333333333333,1,9,0,40.53100000000002
106,Oc1ccccc1N(=O)=O,O=[N+]([O-])c1ccccc1O,-1.74,c1ccccc1,0,-1.7002647862820814,0.03973521371791855,1.2652338648034607,False,False,139.10999999999999,1.3004000000000002,1,3,63.37,1,1,0.0,1,10,0,34.7612
110,Oc1c(I)cc(C#N)cc1I,N#Cc1cc(I)c(O)c(I)c1,-3.61,c1ccccc1,0,-2.38655879510074,1.22344120489926,1.4171580013194245,False,True,370.91499999999996,2.4730799999999995,1,2,44.019999999999996,0,1,0.0,1,11,0,58.255800000000015
113,c1ccccc1O,Oc1ccccc1,0.0,c1ccccc1,0,-1.0530451034520234,1.0530451034520234,1.3140904986193194,True,False,94.11299999999999,1.3922,1,1,20.23,0,1,0.0,1,7,0,28.106799999999993
117,COP(=S)(OC)SCC(=O)N(C(C)C)c1ccc(Cl)cc1,COP(=S)(OC)SCC(=O)N(c1ccc(Cl)cc1)C(C)C,-4.432,c1ccccc1,0,-3.7404382599272212,0.6915617400727792,2.1152757770826485,True,False,367.86,4.331900000000004,0,5,38.77,7,1,0.46153846153846156,1,21,0,94.83500000000004
118,CCCCCCc1ccccc1,CCCCCCc1ccccc1,-5.21,c1ccccc1,0,-4.638469162318205,0.5715308376817951,3.324416117224451,True,False,162.276,3.809400000000003,0,0,0.0,5,1,0.5,1,12,0,54.288000000000046
122,Clc1cc(Cl)c(Cl)c(Cl)c1Cl,Clc1cc(Cl)c(Cl)c(Cl)c1Cl,-5.65,c1ccccc1,0,-4.992002963751088,0.6579970362489123,2.949301566752079,False,False,250.339,4.9536,0,0,0.0,0,1,0.0,1,11,0,51.492000000000004
123,Oc1cccc(c1)N(=O)=O,O=[N+]([O-])c1cccc(O)c1,-1.01,c1ccccc1,0,-2.1868834156115247,1.1768834156115247,1.5423956608931817,False,True,139.10999999999999,1.3003999999999998,1,3,63.37,1,1,0.0,1,10,0,34.7612
132,CCSCc1ccccc1OC(=O)NC ,CCSCc1ccccc1OC(=O)NC,-2.09,c1ccccc1,0,-2.2389317104922837,0.14893171049228382,1.3593879891806373,True,False,225.313,2.6579000000000006,1,3,38.33,4,1,0.36363636363636365,1,15,0,63.36170000000004
136,CC(C)(C)c1ccc(O)cc1,CC(C)(C)c1ccc(O)cc1,-2.41,c1ccccc1,0,-2.0397939608965396,0.3702060391034605,1.6399614419753368,False,False,150.22099999999998,2.689700000000001,1,1,20.23,0,1,0.4,1,11,0,46.80680000000004
138,Clc1cccc(I)c1,Clc1cccc(I)c1,-3.55,c1ccccc1,0,-3.7060227347112367,0.15602273471123684,2.4277407194696132,False,False,238.45499999999998,2.9446000000000003,0,0,0.0,0,1,0.0,1,8,0,44.16900000000001
144,Cc1cccc(C)c1,Cc1cccc(C)c1,-2.82,c1ccccc1,0,-2.3652268417823294,0.4547731582176704,1.775212970813732,True,False,106.16799999999999,2.30344,0,0,0.0,0,1,0.25,1,8,0,35.916
151,Oc1cccc(O)c1,Oc1cccc(O)c1,0.81,c1ccccc1,0,-1.5529790455337429,2.362979045533743,1.340856503316118,False,True,110.11199999999998,1.0977999999999999,2,2,40.46,0,1,0.0,1,8,0,29.771599999999992
158,COP(=S)(OC)Oc1cc(Cl)c(I)cc1Cl,COP(=S)(OC)Oc1cc(Cl)c(I)cc1Cl,-6.62,c1ccccc1,0,-3.8253004217305886,2.7946995782694115,2.453189173358396,False,True,413.0,4.494100000000002,0,4,27.69,4,1,0.25,1,16,0,78.11000000000001
159,Cc1ccc(Cl)cc1,Cc1ccc(Cl)cc1,-3.08,c1ccccc1,0,-2.793726188429738,0.2862738115702621,2.060782522304107,False,False,126.586,2.6484200000000007,0,0,0.0,0,1,0.14285714285714285,1,8,0,36.18900000000001
163,CCCCOC(=O)c1ccc(N)cc1,CCCCOC(=O)c1ccc(N)cc1,-3.082,c1ccccc1,0,-2.600452728658973,0.48154727134102693,1.6374575851282849,True,False,193.24599999999998,2.2257,1,3,52.32,4,1,0.36363636363636365,1,14,0,56.04490000000003
169,CCN(CC(C)=C)c1c(cc(cc1N(=O)=O)C(F)(F)F)N(=O)=O,C=C(C)CN(CC)c1c([N+](=O)[O-])cc(C(F)(F)F)cc1[N+](=O)[O-],-6.124,c1ccccc1,0,-3.5562389178377956,2.567761082162204,2.2416216136756635,True,True,333.266,3.9242000000000035,0,5,89.51999999999998,6,1,0.38461538461538464,1,23,0,77.4538
170,Clc1ccc(Cl)c(Cl)c1Cl,Clc1ccc(Cl)c(Cl)c1Cl,-4.57,c1ccccc1,0,-4.326396777373915,0.24360322262608491,2.500111635009184,False,False,215.894,4.3002,0,0,0.0,0,1,0.0,1,10,0,46.482000000000006
184,CCOP(=S)(CC)Oc1cc(Cl)c(Cl)cc1Cl,CCOP(=S)(CC)Oc1cc(Cl)c(Cl)cc1Cl,-5.752000000000001,c1ccccc1,0,-4.411464477178478,1.340535522821523,2.743327319698669,True,True,333.60400000000004,5.391500000000002,0,3,18.46,5,1,0.4,1,17,1,78.55200000000002
187,Clc1cc(Cl)c(Cl)c(Cl)c1,Clc1cc(Cl)c(Cl)c(Cl)c1,-4.63,c1ccccc1,0,-4.4910653656068735,0.13893463439312637,2.8040766725639306,False,False,215.894,4.3002,0,0,0.0,0,1,0.0,1,10,0,46.482000000000006
189,Nc1ccccc1O,Nc1ccccc1O,-0.72,c1ccccc1,0,-1.2921884434278392,0.5721884434278393,1.0697752807615692,False,False,109.12799999999999,0.9743999999999999,2,2,46.25,0,1,0.0,1,8,0,32.5192
191,COCC(=O)N(C(C)C(=O)OC)c1c(C)cccc1C ,COCC(=O)N(c1c(C)cccc1C)C(C)C(=O)OC,-1.601,c1ccccc1,0,-3.0758384050901233,1.4748384050901233,1.7976844215262304,False,True,279.336,1.8443399999999999,0,4,55.84,5,1,0.4666666666666667,1,20,1,76.75600000000004
192,CNC(=O)Oc1ccccc1OC(C)C,CNC(=O)Oc1ccccc1OC(C)C,-2.05,c1ccccc1,0,-2.407163241510159,0.3571632415101593,1.4935032637217844,True,False,209.24499999999998,2.192,1,3,47.56,3,1,0.36363636363636365,1,15,0,57.28970000000004
198,Cc1ccccc1Cl,Cc1ccccc1Cl,-3.52,c1ccccc1,0,-2.6357277101421865,0.8842722898578135,1.7481501263727828,False,False,126.586,2.6484200000000007,0,0,0.0,0,1,0.14285714285714285,1,8,0,36.189
203,CCOP(=S)(OCC)ON=C(C#N)c1ccccc1,CCOP(=S)(OCC)ON=C(C#N)c1ccccc1,-4.862,c1ccccc1,0,-3.601540868383264,1.2604591316167362,2.392295152230061,False,True,298.304,3.2283800000000014,0,6,63.839999999999996,7,1,0.3333333333333333,1,19,0,77.21400000000004
208,Fc1ccccc1,Fc1ccccc1,-1.8,c1ccccc1,0,-1.8418899064577694,0.041889906457769355,1.5285610157357439,True,False,96.10399999999998,1.8256999999999999,0,0,0.0,0,1,0.0,1,7,0,26.399999999999995
212,Cc1cc(C)c(C)c(C)c1C,Cc1cc(C)c(C)c(C)c1C,-4.0,c1ccccc1,0,-2.7784533589130866,1.2215466410869134,1.8428587814567858,False,True,148.249,3.2287000000000017,0,0,0.0,0,1,0.45454545454545453,1,11,0,50.12700000000003
218,CCOP(=S)(OCC)SCSc1ccc(Cl)cc1,CCOP(=S)(OCC)SCSc1ccc(Cl)cc1,-5.736000000000001,c1ccccc1,0,-4.9081218958865644,0.8278781041134362,2.814420632716787,True,False,342.875,5.420300000000004,0,5,18.46,8,1,0.45454545454545453,1,18,0,87.30400000000003
221,Cc1ccc(cc1N(=O)=O)N(=O)=O,Cc1ccc([N+](=O)[O-])cc1[N+](=O)[O-],-2.82,c1ccccc1,0,-2.4632273800490214,0.3567726199509784,1.6011405858795282,False,False,182.135,1.8114200000000005,0,4,86.28,2,1,0.14285714285714285,1,13,0,44.487800000000014
223,CNC(=O)Oc1cccc(N=CN(C)C)c1,CNC(=O)Oc1cccc(N=CN(C)C)c1,-2.34,c1ccccc1,0,-2.359219025441329,0.01921902544132914,1.644630399361966,False,False,221.26,1.6262,1,3,53.93,3,1,0.2727272727272727,1,16,0,63.364700000000035
229,COP(=S)(OC)Oc1ccc(SC)c(C)c1,COP(=S)(OC)Oc1ccc(SC)c(C)c1,-4.57,c1ccccc1,0,-2.9580626884781487,1.6119373115218516,2.0572240937546424,True,True,278.335,3.6130200000000023,0,5,27.69,5,1,0.4,1,16,0,71.89100000000003
236,NC(=S)Nc1ccccc1,NC(=S)Nc1ccccc1,-1.77,c1ccccc1,0,-1.6973248246040467,0.07267517539595336,1.1223580445327717,True,False,152.22199999999998,1.3421,2,1,38.05,1,1,0.0,1,10,0,46.85010000000001
239,Oc1ccc(Cl)cc1,Oc1ccc(Cl)cc1,-0.7,c1ccccc1,0,-2.0955200105543175,1.3955200105543175,2.075616904244219,True,True,128.558,2.0456,1,1,20.23,0,1,0.0,1,8,0,33.1168
241,Cc1cccc(N)c1,Cc1cccc(N)c1,-0.85,c1ccccc1,0,-1.4172362816551396,0.5672362816551396,1.7366499759841583,False,False,107.156,1.5772199999999998,1,1,26.02,0,1,0.14285714285714285,1,8,0,35.59139999999999
246,CCOC(=O)c1ccc(N)cc1,CCOC(=O)c1ccc(N)cc1,-2.616,c1ccccc1,0,-1.977991558208652,0.6380084417913481,1.4883361036053504,False,False,165.19199999999998,1.4455,1,3,52.32,2,1,0.2222222222222222,1,12,0,46.81090000000002
247,Clc1ccc(Cl)c(Cl)c1,Clc1ccc(Cl)c(Cl)c1,-3.59,c1ccccc1,0,-3.6266828667619584,0.03668286676195853,2.374367245927786,True,False,181.449,3.6468000000000007,0,0,0.0,0,1,0.0,1,9,0,41.47200000000001
249,Oc1ccccc1O,Oc1ccccc1O,0.62,c1ccccc1,0,-1.5254254313001565,2.1454254313001564,1.1938750977252608,False,True,110.11199999999998,1.0977999999999999,2,2,40.46,0,1,0.0,1,8,0,29.771599999999992
252,Cc1ccccc1Br,Cc1ccccc1Br,-2.23,c1ccccc1,0,-2.4392784865592403,0.2092784865592403,1.6372050148726003,False,False,171.03699999999998,2.7575200000000013,0,0,0.0,0,1,0.14285714285714285,1,8,0,38.87900000000001
257,CCNc1ccccc1,CCNc1ccccc1,-1.7,c1ccccc1,0,-1.8781734907503655,0.1781734907503656,1.3781457159016008,True,False,121.18299999999995,2.1184,1,1,12.03,2,1,0.25,1,9,0,40.60570000000001
264,CN(C)C(=O)Nc1ccc(Cl)cc1,CN(C)C(=O)Nc1ccc(Cl)cc1,-2.89,c1ccccc1,0,-2.617197046640897,0.2728029533591032,1.7430881889524685,True,False,198.653,2.4335000000000004,1,1,32.34,1,1,0.2222222222222222,1,13,0,54.15770000000003
268,Brc1cc(Br)c(Br)cc1Br,Brc1cc(Br)c(Br)cc1Br,-6.98,c1ccccc1,0,-2.9332665708008303,4.04673342919917,2.1969486955573503,False,True,393.69800000000004,4.7366,0,0,0.0,0,1,0.0,1,10,0,57.242000000000004
271,COc1ccc(Cl)cc1,COc1ccc(Cl)cc1,-2.78,c1ccccc1,0,-2.57323479566883,0.20676520433116963,2.1828899273058573,True,False,142.585,2.3486000000000002,0,1,9.23,1,1,0.14285714285714285,1,9,0,38.00400000000001
274,COP(=S)(OC)Oc1ccc(N(=O)=O)c(C)c1,COP(=S)(OC)Oc1ccc([N+](=O)[O-])c(C)c1,-4.04,c1ccccc1,0,-3.1153964896713267,0.9246035103286734,1.832888758634967,True,False,277.238,2.7993200000000007,0,6,70.83000000000001,5,1,0.3333333333333333,1,17,0,66.76440000000001
280,NC(=O)c1ccccc1O,NC(=O)c1ccccc1O,-1.82,c1ccccc1,0,-1.4026817444166624,0.4173182555833377,1.1855293160833875,True,False,137.13799999999998,0.49110000000000004,2,2,63.32000000000001,1,1,0.0,1,10,0,36.62470000000002
281,Cc1ccccc1N(=O)=O,Cc1ccccc1[N+](=O)[O-],-2.33,c1ccccc1,0,-1.7682403441543482,0.5617596558456519,1.4216766004810732,False,False,137.138,1.9032200000000001,0,2,43.14,1,1,0.14285714285714285,1,10,0,37.83340000000001
283,CCc1ccccc1C,CCc1ccccc1C,-3.21,c1ccccc1,0,-2.3505060699151215,0.8594939300848785,1.4390696068721605,False,False,120.19499999999996,2.5574200000000005,0,0,0.0,1,1,0.3333333333333333,1,9,0,40.557000000000016
290,CCCCOC(=O)c1ccccc1C(=O)OCCCC ,CCCCOC(=O)c1ccccc1C(=O)OCCCC,-4.4,c1ccccc1,0,-3.0962840739390343,1.303715926060966,1.9087126776821455,True,True,278.348,3.600400000000003,0,4,52.60000000000001,8,1,0.5,1,20,0,76.82300000000005
291,COc1c(O)c(Cl)c(Cl)c(Cl)c1Cl ,COc1c(O)c(Cl)c(Cl)c(Cl)c1Cl,-4.02,c1ccccc1,0,-3.166834455569334,0.8531655444306656,1.9480850220338475,False,False,261.919,4.014400000000001,1,2,29.46,1,1,0.14285714285714285,1,13,0,54.69880000000001
295,COc1ccc(cc1)N(=O)=O,COc1ccc([N+](=O)[O-])cc1,-2.41,c1ccccc1,0,-2.443606708942304,0.033606708942303776,1.771775185664984,True,False,153.13699999999997,1.6033999999999997,0,3,52.37,2,1,0.14285714285714285,1,11,0,39.64840000000002
302,Nc1ccc(cc1)S(N)(=O)=O,Nc1ccc(S(N)(=O)=O)cc1,-1.34,c1ccccc1,0,-1.5571129764264318,0.21711297642643168,1.1089450562796637,True,False,172.20899999999997,-0.08379999999999999,2,3,86.18,1,1,0.0,1,11,0,42.2276
303,CCCN(CCC)c1c(cc(cc1N(=O)=O)C(C)C)N(=O)=O,CCCN(CCC)c1c([N+](=O)[O-])cc(C(C)C)cc1[N+](=O)[O-],-6.49,c1ccccc1,0,-3.451333387073897,3.0386666129261033,2.0567507470148447,False,True,309.36600000000004,4.252800000000004,0,5,89.51999999999998,8,1,0.6,1,22,0,86.63480000000003
305,CCOP(=S)(NC(C)C)Oc1ccccc1C(=O)OC(C)C,CCOP(=S)(NC(C)C)Oc1ccccc1C(=O)OC(C)C,-4.194,c1ccccc1,0,-3.4217879717091826,0.7722120282908174,1.987956527895077,False,False,345.4010000000002,3.8896000000000033,1,5,56.790000000000006,8,1,0.5333333333333333,1,22,1,91.80420000000005
306,Clc1cccc(Cl)c1Cl,Clc1cccc(Cl)c1Cl,-4.0,c1ccccc1,0,-3.8983874070860614,0.10161259291393865,2.243825262696579,False,False,181.44899999999998,3.6468000000000007,0,0,0.0,0,1,0.0,1,9,0,41.47200000000001
308,O=N(=O)c1cc(Cl)c(Cl)cc1,O=[N+]([O-])c1ccc(Cl)c(Cl)c1,-3.2,c1ccccc1,0,-3.1875966181442505,0.012403381855749629,1.9488779385018549,True,False,192.001,2.901600000000001,0,2,43.14,1,1,0.0,1,11,0,43.11640000000001
311,CCOc1ccc(NC(N)=O)cc1,CCOc1ccc(NC(N)=O)cc1,-2.17,c1ccccc1,0,-2.671751193052299,0.5017511930522991,2.1439126956676393,False,False,180.20699999999997,1.5758999999999999,2,2,64.35,3,1,0.2222222222222222,1,13,0,50.81710000000001
315,COc1ccc(C=CC)cc1,CC=Cc1ccc(OC)cc1,-3.13,c1ccccc1,0,-2.9813592503525643,0.14864074964743557,1.9800195925617952,False,False,148.20499999999998,2.728300000000001,0,1,9.23,2,1,0.2,1,11,0,47.70200000000003
325,CC(C)c1ccc(NC(=O)N(C)C)cc1,CC(C)c1ccc(NC(=O)N(C)C)cc1,-3.536,c1ccccc1,0,-2.6766929910258694,0.8593070089741306,1.6019217401258257,True,False,206.289,2.903500000000001,1,1,32.34,2,1,0.4166666666666667,1,15,0,63.23670000000004
329,Cc1c(cc(cc1N(=O)=O)N(=O)=O)N(=O)=O,Cc1c([N+](=O)[O-])cc([N+](=O)[O-])cc1[N+](=O)[O-],-3.22,c1ccccc1,0,-2.382844008948549,0.8371559910514512,1.4649162180497686,False,False,227.13199999999998,1.7196200000000006,0,6,129.42000000000002,3,1,0.14285714285714285,1,16,0,51.1422
330,CC(C)OP(=S)(OC(C)C)SCCNS(=O)(=O)c1ccccc1,CC(C)OP(=S)(OC(C)C)SCCNS(=O)(=O)c1ccccc1,-4.2,c1ccccc1,0,-3.5797041072004334,0.6202958927995668,2.0555978691713754,False,False,397.52400000000006,3.7726000000000024,1,6,64.63,10,1,0.5714285714285714,1,23,0,100.81550000000004
333,CC(C)c1ccccc1C,Cc1ccccc1C(C)C,-3.76,c1ccccc1,0,-3.0301527652047433,0.7298472347952565,1.726064457475083,False,False,134.22199999999995,3.118420000000002,0,0,0.0,1,1,0.4,1,10,0,45.26800000000003
334,Nc1cccc(Cl)c1,Nc1cccc(Cl)c1,-1.37,c1ccccc1,0,-1.9425528130475058,0.5725528130475057,2.1447982104957277,False,False,127.574,1.9222,1,1,26.02,0,1,0.0,1,8,0,35.86440000000001
338,CN(C)C(=O)Nc1cccc(c1)C(F)(F)F,CN(C)C(=O)Nc1cccc(C(F)(F)F)c1,-3.43,c1ccccc1,0,-2.9204851316558917,0.5095148683441084,1.758503526499271,True,False,232.20499999999996,2.7989000000000006,1,1,32.34,1,1,0.3,1,16,0,54.14970000000002
342,Cc1cccc(O)c1,Cc1cccc(O)c1,-0.68,c1ccccc1,0,-1.49505095426829,0.8150509542682899,1.6818407196883298,False,False,108.13999999999999,1.7006199999999998,1,1,20.23,0,1,0.14285714285714285,1,8,0,32.843799999999995
345,O=N(=O)c1ccc(cc1)N(=O)=O,O=[N+]([O-])c1ccc([N+](=O)[O-])cc1,-3.39,c1ccccc1,0,-2.1263750224727382,1.2636249775272619,1.5013800794935963,True,True,168.10799999999995,1.503,0,4,86.28,2,1,0.0,1,12,0,39.75080000000001
348,CN(C)C(=O)Nc1ccccc1,CN(C)C(=O)Nc1ccccc1,-1.6,c1ccccc1,0,-1.8706864578540423,0.2706864578540422,1.4196231696264936,True,False,164.208,1.7801,1,1,32.34,1,1,0.2222222222222222,1,12,0,49.14770000000003
355,ClCc1ccccc1,ClCc1ccccc1,-2.39,c1ccccc1,0,-2.472302869643901,0.08230286964390077,1.7682326321792525,True,False,126.58599999999996,2.4254000000000007,0,0,0.0,1,1,0.14285714285714285,1,8,0,35.99900000000001
357,CON(C)C(=O)Nc1ccc(Br)c(Cl)c1,CON(C)C(=O)Nc1ccc(Br)c(Cl)c1,-3.924,c1ccccc1,0,-3.1040221251284486,0.8199778748715514,1.877318803625276,True,False,293.548,3.127600000000002,1,2,41.57,2,1,0.2222222222222222,1,15,0,62.94270000000002
361,CC(=O)Nc1ccc(F)cc1,CC(=O)Nc1ccc(F)cc1,-1.78,c1ccccc1,0,-1.7950163242016075,0.015016324201607478,1.2990489145200437,False,False,153.156,1.7840999999999998,1,1,29.1,1,1,0.125,1,11,0,40.70370000000002
362,CCc1cccc(CC)c1N(COC)C(=O)CCl ,CCc1cccc(CC)c1N(COC)C(=O)CCl,-3.26,c1ccccc1,0,-2.520968488323203,0.7390315116767967,2.3509521293929825,False,False,269.77199999999993,2.9871000000000016,0,2,29.54,6,1,0.5,1,18,0,75.28000000000004
366,Clc1ccc(cc1)N(=O)=O,O=[N+]([O-])c1ccc(Cl)cc1,-2.92,c1ccccc1,0,-2.845690840667756,0.0743091593322438,2.0167700879381334,True,False,157.55599999999998,2.2482000000000006,0,2,43.14,1,1,0.0,1,10,0,38.106400000000015
368,Clc1ccccc1N(=O)=O,O=[N+]([O-])c1ccccc1Cl,-2.55,c1ccccc1,0,-2.5786081859169263,0.028608185916926487,1.7366621107121885,False,False,157.55599999999998,2.2481999999999998,0,2,43.14,1,1,0.0,1,10,0,38.106400000000015
369,CCCCN(C)C(=O)Nc1ccc(Cl)c(Cl)c1,CCCCN(C)C(=O)Nc1ccc(Cl)c(Cl)c1,-4.77,c1ccccc1,0,-3.882254816544512,0.8877451834554875,2.218894680058259,False,False,275.179,4.257200000000004,1,1,32.34,4,1,0.4166666666666667,1,17,0,73.01870000000004
371,O=N(=O)c1ccccc1,O=[N+]([O-])c1ccccc1,-1.8,c1ccccc1,0,-2.2022520823727714,0.4022520823727713,1.5321795598121866,False,False,123.11099999999996,1.5948,0,2,43.14,1,1,0.0,1,9,0,33.0964
372,Ic1ccccc1,Ic1ccccc1,-3.01,c1ccccc1,0,-2.4744566675939863,0.5355433324060135,1.4791029193811611,True,False,204.01000000000002,2.2912,0,0,0.0,0,1,0.0,1,7,0,39.15900000000001
374,COc1ccccc1OCC(O)COC(N)=O,COc1ccccc1OCC(O)COC(N)=O,-0.985,c1ccccc1,0,-1.7673469544815532,0.7823469544815532,1.5984206345121301,False,False,241.24299999999994,0.5302000000000002,2,5,91.00999999999999,6,1,0.36363636363636365,1,17,1,60.03120000000003
375,CCCCOCN(C(=O)CCl)c1c(CC)cccc1CC ,CCCCOCN(C(=O)CCl)c1c(CC)cccc1CC,-4.19,c1ccccc1,0,-3.0758098773260834,1.114190122673917,2.5436615873421706,False,True,311.85300000000007,4.1574000000000035,0,2,29.54,9,1,0.5882352941176471,1,21,0,89.13100000000006
376,Oc1cccc(Cl)c1Cl,Oc1cccc(Cl)c1Cl,-1.3,c1ccccc1,0,-2.7476838032396635,1.4476838032396635,2.216942940849401,False,True,163.003,2.699,1,1,20.23,0,1,0.0,1,9,0,38.12680000000001
378,CCC(=O)Nc1ccc(Cl)c(Cl)c1,CCC(=O)Nc1ccc(Cl)c(Cl)c1,-3.0,c1ccccc1,0,-2.9845771965144734,0.015422803485526604,1.9113052525052876,False,False,218.08299999999997,3.3419000000000016,1,1,29.1,2,1,0.2222222222222222,1,13,0,55.38270000000002
385,Cc1ccc(N)cc1,Cc1ccc(N)cc1,-1.21,c1ccccc1,0,-1.2199496133264545,0.009949613326454498,1.5630707339886267,False,False,107.156,1.5772199999999998,1,1,26.02,0,1,0.14285714285714285,1,8,0,35.5914
387,c1ccccc1(OC(=O)NC),CNC(=O)Oc1ccccc1,-1.803,c1ccccc1,0,-1.773883484631114,0.02911651536888593,1.6181822403140613,True,False,151.165,1.4048,1,2,38.33,1,1,0.125,1,11,0,41.525700000000015
391,Cc1cccc(C)c1C,Cc1cccc(C)c1C,-3.2,c1ccccc1,0,-2.593112552795386,0.6068874472046142,1.695221980574772,True,False,120.195,2.611860000000001,0,0,0.0,0,1,0.3333333333333333,1,9,0,40.65300000000001
392,CNC(=O)Oc1ccc(N(C)C)c(C)c1,CNC(=O)Oc1ccc(N(C)C)c(C)c1,-2.36,c1ccccc1,0,-2.59309036220463,0.23309036220463009,1.8054859245013,False,False,208.26099999999997,1.77922,1,3,41.57,2,1,0.36363636363636365,1,15,0,60.58970000000003
396,Oc1c(Br)cc(C#N)cc1Br ,N#Cc1cc(Br)c(O)c(Br)c1,-3.33,c1ccccc1,0,-2.0953846876910918,1.2346153123089083,1.2952839725487224,False,True,276.91499999999996,2.78888,1,2,44.019999999999996,0,1,0.0,1,11,0,48.22180000000001
402,Oc1c(Cl)c(Cl)c(Cl)c(Cl)c1Cl,Oc1c(Cl)c(Cl)c(Cl)c(Cl)c1Cl,-4.28,c1ccccc1,0,-4.037948543783741,0.24205145621625945,2.355766680313525,False,False,266.33799999999997,4.6592,1,1,20.23,0,1,0.0,1,12,0,53.15680000000001
406,NC(=O)NCc1ccccc1 ,NC(=O)NCc1ccccc1,-0.95,c1ccccc1,0,-1.4792194380380281,0.5292194380380282,1.270779539486817,False,False,150.18099999999998,0.8548999999999998,2,1,55.120000000000005,2,1,0.125,1,11,0,42.86510000000001
407,CN(C)C(=O)Nc1ccc(C)c(Cl)c1,Cc1ccc(NC(=O)N(C)C)cc1Cl,-3.483,c1ccccc1,0,-2.6470504169078803,0.8359495830921198,1.6919999515009339,True,False,212.67999999999998,2.7419200000000012,1,1,32.34,1,1,0.3,1,14,0,58.89470000000003
408,CON(C)C(=O)Nc1ccc(Cl)c(Cl)c1,CON(C)C(=O)Nc1ccc(Cl)c(Cl)c1,-3.592,c1ccccc1,0,-3.040649022500751,0.5513509774992489,1.8685000510215048,True,False,249.09699999999998,3.0185000000000013,1,2,41.57,2,1,0.2222222222222222,1,15,0,60.252700000000026
410,CS(=O)(=O)c1ccc(cc1)C(O)C(CO)NC(=O)C(Cl)Cl ,CS(=O)(=O)c1ccc(C(O)C(CO)NC(=O)C(Cl)Cl)cc1,-2.154,c1ccccc1,0,-2.6345265548365644,0.4805265548365645,2.042770074693947,False,False,356.2270000000001,0.40430000000000027,3,5,103.70000000000002,6,1,0.4166666666666667,1,21,2,79.02210000000002
413,Oc1ccc(cc1)N(=O)=O,O=[N+]([O-])c1ccc(O)cc1,-0.74,c1ccccc1,0,-1.7206148826322842,0.9806148826322842,1.5898479126219986,False,False,139.10999999999999,1.3003999999999998,1,3,63.37,1,1,0.0,1,10,0,34.76120000000001
416,Nc1ccccc1N(=O)=O,Nc1ccccc1[N+](=O)[O-],-1.96,c1ccccc1,0,-1.7277529642175804,0.23224703578241956,1.2110229253564497,False,False,138.126,1.177,1,3,69.16,1,1,0.0,1,10,0,37.50880000000001
419,Cc1c(cccc1N(=O)=O)N(=O)=O,Cc1c([N+](=O)[O-])cccc1[N+](=O)[O-],-3.0,c1ccccc1,0,-2.6919315695313797,0.3080684304686203,1.6859556256608519,False,False,182.135,1.8114200000000005,0,4,86.28,2,1,0.14285714285714285,1,13,0,44.487800000000014
423,c1(Br)c(Br)cc(Br)cc1,Brc1ccc(Br)c(Br)c1,-4.5,c1ccccc1,0,-3.4215233672986,1.0784766327014,1.9166069225189724,False,False,314.802,3.974100000000001,0,0,0.0,0,1,0.0,1,9,0,49.54200000000001
426,c1(O)c(C)ccc(C(C)C)c1,Cc1ccc(C(C)C)cc1O,-2.08,c1ccccc1,0,-2.29005753162967,0.21005753162967,1.557104562069944,False,False,150.22099999999998,2.824020000000001,1,1,20.23,1,1,0.4,1,11,0,46.932800000000036
433,CN(C)C=Nc1ccc(Cl)cc1C,Cc1cc(Cl)ccc1N=CN(C)C,-2.86,c1ccccc1,0,-3.1910644084753903,0.3310644084753904,2.127216663066227,True,False,196.68099999999998,2.8698200000000007,0,1,15.6,2,1,0.3,1,13,0,58.028000000000034
440,Nc1ccc(cc1)N(=O)=O,Nc1ccc([N+](=O)[O-])cc1,-2.37,c1ccccc1,0,-1.7528868418204282,0.6171131581795719,1.372437731845025,True,False,138.126,1.177,1,3,69.16,1,1,0.0,1,10,0,37.508800000000015
443,Clc1ccccc1,Clc1ccccc1,-2.38,c1ccccc1,0,-2.52677410109641,0.1467741010964101,1.7384363773282228,True,False,112.55899999999997,2.34,0,0,0.0,0,1,0.0,1,7,0,31.451999999999998
445,Brc1ccc(I)cc1,Brc1ccc(I)cc1,-4.56,c1ccccc1,0,-2.3959427958207296,2.16405720417927,1.8562651761381521,False,True,282.90599999999995,3.053700000000001,0,0,0.0,0,1,0.0,1,8,0,46.85900000000001
447,CCCCCc1ccccc1,CCCCCc1ccccc1,-4.64,c1ccccc1,0,-4.151267745547226,0.48873225445277324,2.7645289666207526,True,False,148.249,3.4193000000000024,0,0,0.0,4,1,0.45454545454545453,1,11,0,49.67100000000004
457,Oc1ccc(Cl)c(Cl)c1,Oc1ccc(Cl)c(Cl)c1,-1.25,c1ccccc1,0,-2.4258067413933864,1.1758067413933864,2.04272719802253,True,True,163.00300000000001,2.6990000000000007,1,1,20.23,0,1,0.0,1,9,0,38.12680000000001
461,CCN(CC)c1ccccc1,CCN(CC)c1ccccc1,-3.03,c1ccccc1,0,-2.547244780240752,0.48275521975924773,1.588114169038714,False,False,149.237,2.532800000000001,0,1,3.24,3,1,0.4,1,11,0,50.003000000000036
462,Fc1cccc(F)c1,Fc1cccc(F)c1,-2.0,c1ccccc1,0,-1.988076586800896,0.01192341319910395,1.6378734445323009,False,False,114.094,1.9648,0,0,0.0,0,1,0.0,1,8,0,26.357999999999997
464,CC(C)(C)Cc1ccccc1,CC(C)(C)Cc1ccccc1,-4.15,c1ccccc1,0,-3.1747646781880925,0.9752353218119079,1.824694425542098,True,False,148.249,3.2752000000000017,0,0,0.0,1,1,0.45454545454545453,1,11,0,49.60100000000004
466,Clc1ccccc1I,Clc1ccccc1I,-3.54,c1ccccc1,0,-3.142694890058488,0.39730510994151214,1.8939932885412287,False,False,238.45499999999998,2.9446000000000003,0,0,0.0,0,1,0.0,1,8,0,44.16900000000001
469,Cc1cccc(C)c1O,Cc1cccc(C)c1O,-1.29,c1ccccc1,0,-1.8310141028762914,0.5410141028762914,1.5339630484614444,False,False,122.16699999999999,2.00904,1,1,20.23,0,1,0.25,1,9,0,37.5808
473,COP(=S)(OC)Oc1ccc(cc1Cl)N(=O)=O,COP(=S)(OC)Oc1ccc([N+](=O)[O-])cc1Cl,-4.31,c1ccccc1,0,-3.560613019451471,0.7493869805485285,2.065514233529603,True,False,297.656,3.144300000000002,0,6,70.83000000000001,5,1,0.25,1,17,0,67.0374
480,CCc1cccc(C)c1N(C(C)COC)C(=O)CCl ,CCc1cccc(C)c1N(C(=O)CCl)C(C)COC,-2.73,c1ccccc1,0,-2.8055676820616893,0.07556768206168929,2.156344958520593,False,False,283.7989999999999,3.1641200000000014,0,2,29.54,6,1,0.5333333333333333,1,19,1,80.10100000000004
487,OCc1ccccc1,OCc1ccccc1,-0.4,c1ccccc1,0,-1.4486165668950364,1.0486165668950362,1.580731651225316,True,False,108.13999999999997,1.1789,1,1,20.23,1,1,0.14285714285714285,1,8,0,32.364799999999995
489,Oc1ccc(Br)cc1,Oc1ccc(Br)cc1,-1.09,c1ccccc1,0,-1.7350300027119043,0.6450300027119042,1.3048474790908922,False,False,173.00900000000001,2.1547,1,1,20.23,0,1,0.0,1,8,0,35.80680000000001
492,O=N(=O)c1cc(cc(c1)N(=O)=O)N(=O)=O,O=[N+]([O-])c1cc([N+](=O)[O-])cc([N+](=O)[O-])c1,-2.89,c1ccccc1,0,-2.2870254574407607,0.6029745425592394,1.401060747052859,False,False,213.10499999999996,1.4112,0,6,129.42000000000002,3,1,0.0,1,15,0,46.4052
501,Brc1ccc(Br)cc1,Brc1ccc(Br)cc1,-4.07,c1ccccc1,0,-2.6626769708653617,1.4073230291346386,1.7376984325550184,False,True,235.90599999999998,3.2116000000000007,0,0,0.0,0,1,0.0,1,8,0,41.842000000000006
509,Clc1ccc(Cl)cc1,Clc1ccc(Cl)cc1,-3.27,c1ccccc1,0,-3.5223924823578656,0.2523924823578656,1.7294651685297089,True,False,147.00400000000002,2.993400000000001,0,0,0.0,0,1,0.0,1,8,0,36.46200000000001
522,Clc1cc(Cl)cc(Cl)c1,Clc1cc(Cl)cc(Cl)c1,-4.48,c1ccccc1,0,-3.7596962722171563,0.7203037277828441,2.436994317770313,False,False,181.449,3.6468000000000007,0,0,0.0,0,1,0.0,1,9,0,41.47200000000001
527,O=Cc1ccccc1,O=Cc1ccccc1,-1.19,c1ccccc1,0,-1.5528297718591388,0.3628297718591389,1.3420100050307304,False,False,106.12399999999997,1.4990999999999999,0,1,17.07,1,1,0.0,1,8,0,31.829499999999992
533,NC(=N)NS(=O)(=O)c1ccc(N)cc1 ,N=C(N)NS(=O)(=O)c1ccc(N)cc1,-1.99,c1ccccc1,0,-2.4329469487101862,0.44294694871018625,1.5149964246478107,True,False,214.25,-0.5594299999999999,4,4,122.05999999999999,2,1,0.0,1,14,0,53.09
534,COC(=O)c1ccc(O)cc1,COC(=O)c1ccc(O)cc1,-1.827,c1ccccc1,0,-1.7707656532487597,0.05623434675124028,1.4469153092606,True,False,152.149,1.1788,1,3,46.53,1,1,0.125,1,11,0,39.446300000000015
544,Cc1ccc(O)c(C)c1,Cc1ccc(O)c(C)c1,-1.19,c1ccccc1,0,-2.123523996326601,0.9335239963266009,1.7760456533723872,False,False,122.16699999999999,2.0090399999999997,1,1,20.23,0,1,0.25,1,9,0,37.5808
545,Clc1cccc(c1)N(=O)=O,O=[N+]([O-])c1cccc(Cl)c1,-2.77,c1ccccc1,0,-2.876328114505429,0.10632811450542912,1.9026950924923056,True,False,157.55599999999998,2.2482000000000006,0,2,43.14,1,1,0.0,1,10,0,38.106400000000015
556,FC(F)(F)c1ccccc1,FC(F)(F)c1ccccc1,-2.51,c1ccccc1,0,-2.2621961373881905,0.2478038626118093,1.4594349307240773,False,False,146.111,2.705400000000001,0,0,0.0,0,1,0.14285714285714285,1,10,0,31.444
557,CCCCCCOC(=O)c1ccccc1C(=O)OCCCCCC,CCCCCCOC(=O)c1ccccc1C(=O)OCCCCCC,-6.144,c1ccccc1,0,-3.8586322044886527,2.2853677955113474,2.3221936630746645,True,True,334.45600000000024,5.160800000000005,0,4,52.60000000000001,12,1,0.6,1,24,0,95.29100000000007
563,COC(=O)c1ccccc1C(=O)OC,COC(=O)c1ccccc1C(=O)OC,-1.66,c1ccccc1,0,-2.029786622959006,0.3697866229590059,1.4749317795767125,True,False,194.18599999999995,1.2597999999999998,0,4,52.60000000000001,2,1,0.2,1,14,0,49.12100000000002
567,Clc1cc(Cl)c(Cl)cc1Cl,Clc1cc(Cl)c(Cl)cc1Cl,-5.56,c1ccccc1,0,-4.275739525756452,1.2842604742435473,2.6058676755146357,False,True,215.894,4.3002,0,0,0.0,0,1,0.0,1,10,0,46.482000000000006
572,Nc1ccccc1Cl,Nc1ccccc1Cl,-1.52,c1ccccc1,0,-2.2072239270219365,0.6872239270219365,1.8344650094894561,False,False,127.574,1.9222,1,1,26.02,0,1,0.0,1,8,0,35.86440000000001
573,COc1cccc(Cl)c1,COc1cccc(Cl)c1,-2.78,c1ccccc1,0,-2.557635889347229,0.22236411065277073,2.162834792859575,False,False,142.58499999999998,2.3486000000000002,0,1,9.23,1,1,0.14285714285714285,1,9,0,38.00400000000001
580,Oc1ccc(C=O)cc1,O=Cc1ccc(O)cc1,-0.96,c1ccccc1,0,-1.1041166387401429,0.1441166387401429,1.070214172013027,False,False,122.12299999999998,1.2047,1,2,37.3,1,1,0.0,1,9,0,33.4943
589,Fc1ccccc1Br,Fc1ccccc1Br,-2.7,c1ccccc1,0,-2.325218031718554,0.37478196828144617,1.526350069066122,False,False,175.0,2.5882000000000005,0,0,0.0,0,1,0.0,1,8,0,34.1
590,Oc1ccc(Cl)cc1Cl,Oc1ccc(Cl)cc1Cl,-1.55,c1ccccc1,0,-2.67017300251844,1.1201730025184398,1.8657122092367708,True,True,163.003,2.699,1,1,20.23,0,1,0.0,1,9,0,38.12680000000001
595,Cc1ccccc1N,Cc1ccccc1N,-2.21,c1ccccc1,0,-1.4779093355654314,0.7320906644345686,1.4821429476524863,False,False,107.156,1.57722,1,1,26.02,0,1,0.14285714285714285,1,8,0,35.59139999999999
596,c1(OC)ccc(CC=C)cc1,C=CCc1ccc(OC)cc1,-2.92,c1ccccc1,0,-2.6610387805594957,0.2589612194405042,1.8050621755643081,False,False,148.205,2.4237,0,1,9.23,3,1,0.2,1,11,0,46.895000000000024
597,CN(C)C(=O)Nc1cccc(OC(=O)NC(C)(C)C)c1 ,CN(C)C(=O)Nc1cccc(OC(=O)NC(C)(C)C)c1,-2.93,c1ccccc1,0,-2.98862390593239,0.058623905932389864,1.7774594752010313,True,False,279.34,2.6670000000000007,2,3,70.67,2,1,0.42857142857142855,1,20,0,78.06040000000004
601,Clc1ccccc1Cl,Clc1ccccc1Cl,-3.05,c1ccccc1,0,-3.0200486362069374,0.029951363793062402,1.7737657062419043,False,False,147.00399999999996,2.9934000000000003,0,0,0.0,0,1,0.0,1,8,0,36.46200000000001
619,Nc1cccc(c1)N(=O)=O,Nc1cccc([N+](=O)[O-])c1,-2.19,c1ccccc1,0,-2.278930211239963,0.08893021123996325,1.4968125724453263,False,False,138.126,1.177,1,3,69.16,1,1,0.0,1,10,0,37.50880000000001
629,Oc1cc(Cl)cc(Cl)c1Cl,Oc1cc(Cl)cc(Cl)c1Cl,-2.67,c1ccccc1,0,-3.76718235117153,1.0971823511715302,2.7489403921198043,True,True,197.44799999999998,3.3523999999999994,1,1,20.23,0,1,0.0,1,10,0,43.13680000000001
631,Nc1ccccc1,Nc1ccccc1,-0.41,c1ccccc1,0,-1.0286207633955025,0.6186207633955025,1.2530991738330328,True,False,93.12899999999999,1.2688000000000001,1,1,26.02,0,1,0.0,1,7,0,30.8544
645,Brc1cc(Br)cc(Br)c1,Brc1cc(Br)cc(Br)c1,-5.6,c1ccccc1,0,-2.6338943809589392,2.9661056190410604,1.8072662579641183,False,True,314.802,3.974100000000001,0,0,0.0,0,1,0.0,1,9,0,49.54200000000001
646,COP(=S)(OC)Oc1cc(Cl)c(Cl)cc1Cl,COP(=S)(OC)Oc1cc(Cl)c(Cl)cc1Cl,-5.72,c1ccccc1,0,-3.928621335350327,1.7913786646496725,2.437339980980975,False,True,321.549,4.542900000000002,0,4,27.69,4,1,0.25,1,16,0,70.40300000000002
648,COc1cc(CC=C)ccc1O,C=CCc1ccc(O)c(OC)c1,-1.56,c1ccccc1,0,-2.357530153897945,0.7975301538979451,1.5857407412685192,False,False,164.204,2.1293,1,2,29.46,3,1,0.2,1,12,0,48.55980000000003
654,Clc1c(Cl)c(Cl)c(N(=O)=O)c(Cl)c1Cl,O=[N+]([O-])c1c(Cl)c(Cl)c(Cl)c(Cl)c1Cl,-5.82,c1ccccc1,0,-3.92995028480903,1.8900497151909703,2.332165945709318,False,True,295.336,4.8618,0,2,43.14,1,1,0.0,1,14,0,58.14639999999999
658,COC(=O)c1cc(O)c(O)c(O)c1 ,COC(=O)c1cc(O)c(O)c(O)c1,-1.24,c1ccccc1,0,-1.957844065422592,0.7178440654225919,1.2348369973616027,False,False,184.147,0.5899999999999996,3,5,86.99000000000001,1,1,0.125,1,13,0,42.77590000000002
664,Fc1cccc(Br)c1,Fc1cccc(Br)c1,-2.67,c1ccccc1,0,-2.4910278813427267,0.17897211865727325,1.7048235906389522,False,False,175.0,2.5882000000000005,0,0,0.0,0,1,0.0,1,8,0,34.1
665,Clc1ccc(Br)cc1,Clc1ccc(Br)cc1,-3.63,c1ccccc1,0,-3.2347879835172884,0.39521201648271154,2.288654025995273,False,False,191.45499999999998,3.102500000000001,0,0,0.0,0,1,0.0,1,8,0,39.15200000000001
673,COc1ccccc1N(=O)=O,COc1ccccc1[N+](=O)[O-],-1.96,c1ccccc1,0,-1.832831557462044,0.127168442537956,1.4646932158137014,False,False,153.13699999999997,1.6033999999999997,0,3,52.37,2,1,0.14285714285714285,1,11,0,39.64840000000002
677,CCC(C)c1cc(cc(N(=O)=O)c1O)N(=O)=O ,CCC(C)c1cc([N+](=O)[O-])cc([N+](=O)[O-])c1O,-3.38,c1ccccc1,0,-2.562670347025396,0.8173296529746037,1.543191085189451,False,False,240.21499999999995,2.7221000000000024,1,5,106.51000000000002,4,1,0.4,1,17,1,60.12160000000002
680,COc1ccccc1O ,COc1ccccc1O,-1.96,c1ccccc1,0,-1.4311971559983412,0.5288028440016588,1.4474164144937995,False,False,124.13899999999997,1.4008,1,2,29.46,1,1,0.14285714285714285,1,9,0,34.6588
692,Oc1ccc(Cl)c(Cl)c1Cl,Oc1ccc(Cl)c(Cl)c1Cl,-2.67,c1ccccc1,0,-3.3376198233171883,0.6676198233171884,2.3029580431753995,False,False,197.448,3.3524000000000003,1,1,20.23,0,1,0.0,1,10,0,43.13680000000001
693,COc1ccccc1,COc1ccccc1,-1.85,c1ccccc1,0,-1.8050460824418562,0.04495391755814393,1.7494728647354156,True,False,108.13999999999997,1.6952,0,1,9.23,1,1,0.14285714285714285,1,8,0,32.99399999999999
697,CCc1ccc(C)cc1,CCc1ccc(C)cc1,-3.11,c1ccccc1,0,-2.443049739219007,0.6669502607809927,1.7177673994135918,False,False,120.19499999999996,2.5574200000000005,0,0,0.0,1,1,0.3333333333333333,1,9,0,40.557000000000016
699,O=N(=O)c1cccc(c1)N(=O)=O,O=[N+]([O-])c1cccc([N+](=O)[O-])c1,-2.29,c1ccccc1,0,-2.711027332459039,0.421027332459039,1.8105889791516139,False,False,168.10799999999995,1.503,0,4,86.28,2,1,0.0,1,12,0,39.75080000000001
704,Nc1ccc(Cl)cc1,Nc1ccc(Cl)cc1,-1.66,c1ccccc1,0,-2.092565882570975,0.43256588257097506,2.2542005761993584,False,False,127.574,1.9222,1,1,26.02,0,1,0.0,1,8,0,35.86440000000002
709,CC(C)(C)c1ccccc1,CC(C)(C)c1ccccc1,-3.66,c1ccccc1,0,-2.7910077521064056,0.8689922478935945,1.64067685051147,False,False,134.22199999999998,2.9841000000000015,0,0,0.0,0,1,0.4,1,10,0,45.14200000000003
714,Brc1ccccc1,Brc1ccccc1,-2.55,c1ccccc1,0,-2.2135362487831074,0.3364637512168924,1.3715908399995675,True,False,157.01,2.4491000000000005,0,0,0.0,0,1,0.0,1,7,0,34.142
715,CCOC(=O)c1ccc(O)cc1,CCOC(=O)c1ccc(O)cc1,-2.35,c1ccccc1,0,-2.0332698989555604,0.31673010104443966,1.591557654941043,True,False,166.176,1.5689,1,3,46.53,2,1,0.2222222222222222,1,12,0,44.06330000000003
726,COC(=O)c1ccccc1,COC(=O)c1ccccc1,-1.85,c1ccccc1,0,-1.874118673312342,0.024118673312341965,1.4971966688841662,True,False,136.14999999999998,1.4732,0,2,26.3,1,1,0.125,1,10,0,37.781500000000015
731,CN(C)C(=O)Nc1ccc(Cl)c(Cl)c1,CN(C)C(=O)Nc1ccc(Cl)c(Cl)c1,-3.8,c1ccccc1,0,-2.9484014189492114,0.8515985810507885,1.7736342544336068,True,False,233.09799999999998,3.0869000000000018,1,1,32.34,1,1,0.2222222222222222,1,14,0,59.167700000000025
735,Oc1ccccc1Cl,Oc1ccccc1Cl,-1.06,c1ccccc1,0,-2.0982597474066282,1.0382597474066282,1.6593522010990793,False,False,128.558,2.0456000000000003,1,1,20.23,0,1,0.0,1,8,0,33.1168
737,CCOc1ccccc1,CCOc1ccccc1,-2.33,c1ccccc1,0,-2.2299793494732465,0.10002065052675357,1.788559505158563,True,False,122.16699999999996,2.0853,0,1,9.23,2,1,0.25,1,9,0,37.61100000000001
738,CCOC(=O)C=Cc1ccccc1,CCOC(=O)C=Cc1ccccc1,-3.0,c1ccccc1,0,-2.3845228342778713,0.6154771657221287,1.5608781952620074,False,False,176.215,2.2629,0,2,26.3,3,1,0.18181818181818182,1,13,0,52.10900000000003
741,Cc1ccc(cc1)S(=O)(=O)N,Cc1ccc(S(N)(=O)=O)cc1,-1.74,c1ccccc1,0,-1.5919278384551392,0.1480721615448608,1.2302797850067722,False,False,171.22099999999998,0.6424200000000001,1,2,60.16,1,1,0.14285714285714285,1,11,0,42.55220000000001
742,CC(OC(=O)Nc1cccc(Cl)c1)C#C,C#CC(C)OC(=O)Nc1cccc(Cl)c1,-2.617,c1ccccc1,0,-3.695547308942011,1.078547308942011,2.591442730022614,False,False,223.659,2.9102000000000006,1,2,38.33,2,1,0.18181818181818182,1,15,1,59.85070000000002
748,CCOP(=S)(OCC)Oc1ccc(cc1)S(C)=O ,CCOP(=S)(OCC)Oc1ccc(S(C)=O)cc1,-2.3,c1ccccc1,0,-3.5980192168074794,1.2980192168074796,2.4464098744826397,True,True,308.36100000000005,3.1003000000000016,0,5,44.760000000000005,7,1,0.45454545454545453,1,18,1,76.93940000000003
763,Cc1ccc(C)c(C)c1,Cc1ccc(C)c(C)c1,-3.31,c1ccccc1,0,-2.965856386512828,0.34414361348717204,1.7683943343943243,False,False,120.195,2.611860000000001,0,0,0.0,0,1,0.3333333333333333,1,9,0,40.65300000000001
764,Oc1cc(Cl)c(Cl)cc1Cl,Oc1cc(Cl)c(Cl)cc1Cl,-2.21,c1ccccc1,0,-3.185390304538049,0.975390304538049,2.1302363259572688,False,False,197.448,3.3524000000000003,1,1,20.23,0,1,0.0,1,10,0,43.13680000000001
769,NNc1ccccc1,NNc1ccccc1,0.07,c1ccccc1,0,-1.6355201640782369,1.705520164078237,1.7029737264130111,True,True,108.14399999999998,0.9722000000000002,2,2,38.05,1,1,0.0,1,8,0,34.25210000000001
784,Oc1c(Cl)ccc(Cl)c1Cl,Oc1c(Cl)ccc(Cl)c1Cl,-2.64,c1ccccc1,0,-3.4377865957286446,0.7977865957286445,2.4041927313749936,False,False,197.44799999999998,3.3523999999999994,1,1,20.23,0,1,0.0,1,10,0,43.13680000000001
787,Brc1cccc(Br)c1,Brc1cccc(Br)c1,-3.54,c1ccccc1,0,-2.8034158643525244,0.7365841356474756,1.750932582607586,False,False,235.90599999999998,3.2116000000000007,0,0,0.0,0,1,0.0,1,8,0,41.842000000000006
789,CC(=O)Nc1ccccc1,CC(=O)Nc1ccccc1,-1.33,c1ccccc1,0,-1.8585600656009074,0.5285600656009073,1.519103016776992,True,False,135.16599999999997,1.6449999999999998,1,1,29.1,1,1,0.125,1,10,0,40.74570000000002
794,CC(=O)c1ccccc1,CC(=O)c1ccccc1,-1.28,c1ccccc1,0,-1.8241253631988301,0.5441253631988301,1.426499615890713,True,False,120.15099999999995,1.8892,0,1,17.07,1,1,0.125,1,9,0,36.44650000000001
803,CCCOC(=O)c1ccc(N)cc1,CCCOC(=O)c1ccc(N)cc1,-2.452,c1ccccc1,0,-2.2608380846380003,0.19116191536199967,1.5133867494579476,True,False,179.21899999999997,1.8356,1,3,52.32,3,1,0.3,1,13,0,51.42790000000003
814,CCOC(=O)c1ccccc1,CCOC(=O)c1ccccc1,-2.32,c1ccccc1,0,-2.2732979251567014,0.04670207484329847,1.6315161530886162,True,False,150.177,1.8633,0,2,26.3,2,1,0.2222222222222222,1,11,0,42.39850000000003
827,CON(C)C(=O)Nc1ccc(Cl)cc1,CON(C)C(=O)Nc1ccc(Cl)cc1,-2.57,c1ccccc1,0,-2.8517243252644753,0.28172432526447544,1.8354930722968301,True,False,214.652,2.365100000000001,1,2,41.57,2,1,0.2222222222222222,1,14,0,55.24270000000003
830,Cc1ccc(Br)cc1,Cc1ccc(Br)cc1,-3.19,c1ccccc1,0,-2.61531651095211,0.57468348904789,1.664358663928495,False,False,171.03700000000003,2.7575200000000013,0,0,0.0,0,1,0.14285714285714285,1,8,0,38.87900000000002
833,CCCCN(CC)c1c(cc(cc1N(=O)=O)C(F)(F)F)N(=O)=O,CCCCN(CC)c1c([N+](=O)[O-])cc(C(F)(F)F)cc1[N+](=O)[O-],-5.53,c1ccccc1,0,-3.8098119601248,1.7201880398752003,2.494823043627552,True,True,335.28200000000004,4.148200000000004,0,5,89.51999999999998,7,1,0.5384615384615384,1,23,0,77.54780000000001
834,Cc1cc(C)c(O)c(C)c1,Cc1cc(C)c(O)c(C)c1,-2.05,c1ccccc1,0,-1.80283647571262,0.24716352428737975,1.0907510826729048,False,False,136.194,2.3174600000000005,1,1,20.23,0,1,0.3333333333333333,1,10,0,42.31780000000002
835,c1ccccc1,c1ccccc1,-1.64,c1ccccc1,0,-1.8520082368419857,0.21200823684198578,1.002316556946158,False,False,78.11399999999999,1.6866,0,0,0.0,0,1,0.0,1,6,0,26.441999999999993
836,Clc1ccc(I)cc1,Clc1ccc(I)cc1,-4.03,c1ccccc1,0,-3.144766398151938,0.8852336018480624,2.3235818780923783,False,False,238.45499999999998,2.944600000000001,0,0,0.0,0,1,0.0,1,8,0,44.16900000000001
837,COc1ccc(NC(=O)N(C)C)cc1Cl,COc1ccc(NC(=O)N(C)C)cc1Cl,-2.564,c1ccccc1,0,-2.86644580194622,0.30244580194621973,1.8408065149983095,True,False,228.67899999999997,2.4421,1,2,41.57,2,1,0.3,1,15,0,60.70970000000002
838,CC(C)N(C(=O)CCl)c1ccccc1 ,CC(C)N(C(=O)CCl)c1ccccc1,-2.48,c1ccccc1,0,-2.253531146597987,0.22646885340201317,1.9501297580918133,False,False,211.69200000000004,2.666800000000001,0,1,20.310000000000002,3,1,0.36363636363636365,1,14,0,59.78400000000004
839,C=Cc1ccccc1,C=Cc1ccccc1,-2.82,c1ccccc1,0,-2.2258092540085888,0.5941907459914111,1.3170625146848636,False,False,104.15199999999997,2.3296,0,0,0.0,1,1,0.0,1,8,0,36.53300000000001
841,Cc1ccccc1C,Cc1ccccc1C,-2.8,c1ccccc1,0,-2.1987845530516466,0.6012154469483533,1.5632872679076117,True,False,106.16799999999999,2.30344,0,0,0.0,0,1,0.25,1,8,0,35.916
843,Oc1ccc(O)cc1,Oc1ccc(O)cc1,-0.17,c1ccccc1,0,-1.3392747957797084,1.1692747957797085,1.4045261713267978,True,True,110.11199999999998,1.0977999999999999,2,2,40.46,0,1,0.0,1,8,0,29.771599999999996
847,c1(O)cc(O)ccc1CCCCCC,CCCCCCc1ccc(O)cc1O,-2.59,c1ccccc1,0,-3.218763987535259,0.6287639875352591,1.995705023042512,False,False,194.27399999999992,3.220600000000001,2,2,40.46,5,1,0.5,1,14,0,57.61760000000004
853,Oc1c(Cl)cc(Cl)c(Cl)c1Cl,Oc1c(Cl)cc(Cl)c(Cl)c1Cl,-3.1,c1ccccc1,0,-3.8797848541524402,0.7797848541524401,2.6862447085674375,False,False,231.89299999999997,4.005799999999999,1,1,20.23,0,1,0.0,1,11,0,48.146800000000006
854,Clc1cccc(Cl)c1,Clc1cccc(Cl)c1,-3.04,c1ccccc1,0,-3.0266098109047848,0.013390189095215277,2.1359261143213506,False,False,147.004,2.993400000000001,0,0,0.0,0,1,0.0,1,8,0,36.46200000000001
857,c1ccccc1SC,CSc1ccccc1,-2.39,c1ccccc1,0,-2.2275141361929545,0.16248586380704566,1.484398997802355,False,False,124.208,2.408500000000001,0,1,0.0,1,1,0.14285714285714285,1,8,0,38.22300000000001
867,CCCCC(CC)COC(=O)c1ccccc1C(=O)OCC(CC)CCCC,CCCCC(CC)COC(=O)c1ccccc1C(=O)OCC(CC)CCCC,-6.96,c1ccccc1,0,-4.148780613747077,2.8112193862529233,2.4470272951053924,False,True,390.5640000000003,6.433000000000007,0,4,52.60000000000001,14,1,0.6666666666666666,1,28,2,113.61900000000009
876,Cc1cc(C)cc(O)c1,Cc1cc(C)cc(O)c1,-1.4,c1ccccc1,0,-1.404773122569535,0.004773122569535104,0.9798893369022958,False,False,122.16699999999997,2.0090399999999997,1,1,20.23,0,1,0.25,1,9,0,37.5808
877,ClCC#CCOC(=O)Nc1cccc(Cl)c1,O=C(Nc1cccc(Cl)c1)OCC#CCCl,-4.37,c1ccccc1,0,-3.12759830731364,1.24240169268636,1.8722780138975044,False,True,258.104,3.130700000000001,1,2,38.33,2,1,0.18181818181818182,1,16,0,64.91870000000002
878,CC(=O)Nc1ccc(Cl)cc1,CC(=O)Nc1ccc(Cl)cc1,-2.843,c1ccccc1,0,-2.6754564812777235,0.16754351872227646,1.9554960561360097,True,False,169.611,2.2984,1,1,29.1,1,1,0.125,1,11,0,45.75570000000002
881,CNc1ccccc1,CNc1ccccc1,-1.28,c1ccccc1,0,-2.042062865114077,0.7620628651140768,1.9192390005948592,True,False,107.15599999999998,1.7283,1,1,12.03,1,1,0.14285714285714285,1,8,0,35.98870000000001
884,Cc1cc(cc(N(=O)=O)c1O)N(=O)=O,Cc1cc([N+](=O)[O-])cc([N+](=O)[O-])c1O,-1.456,c1ccccc1,0,-2.7984622560137518,1.3424622560137518,1.9979689226879827,False,True,198.134,1.5170200000000003,1,5,106.51000000000002,2,1,0.14285714285714285,1,14,0,46.152600000000014
886,Oc1cccc(Cl)c1,Oc1cccc(Cl)c1,-0.7,c1ccccc1,0,-2.04937879875082,1.3493787987508201,1.8547795062803127,False,True,128.558,2.0456,1,1,20.23,0,1,0.0,1,8,0,33.1168
887,Clc1cccc(Br)c1,Clc1cccc(Br)c1,-3.21,c1ccccc1,0,-3.083383825613699,0.1266161743863008,2.156510500587432,False,False,191.45499999999998,3.102500000000001,0,0,0.0,0,1,0.0,1,8,0,39.15200000000001
890,OCCOc1ccccc1,OCCOc1ccccc1,-0.7,c1ccccc1,0,-1.6494595013634572,0.9494595013634572,1.6370546525812877,True,False,138.16599999999997,1.0576999999999999,1,2,29.46,3,1,0.25,1,10,0,39.02280000000002
897,CCc1ccccc1,CCc1ccccc1,-2.77,c1ccccc1,0,-2.449865547150236,0.32013445284976383,1.5248997879903863,True,False,106.16799999999996,2.2490000000000006,0,0,0.0,1,1,0.25,1,8,0,35.82
905,CC(C#C)N(C)C(=O)Nc1ccc(Cl)cc1,C#CC(C)N(C)C(=O)Nc1ccc(Cl)cc1,-3.9,c1ccccc1,0,-3.279695602903865,0.620304397096135,1.968930527237429,True,False,236.702,2.825400000000001,1,1,32.34,2,1,0.25,1,16,1,66.52870000000003
912,COc1ccc(C=O)cc1,COc1ccc(C=O)cc1,-1.49,c1ccccc1,0,-1.6793608059327823,0.18936080593278226,1.5449112675071806,False,False,136.14999999999998,1.5076999999999998,0,2,26.3,2,1,0.125,1,10,0,38.38150000000001
913,CC(=O)Nc1ccc(cc1)N(=O)=O,CC(=O)Nc1ccc([N+](=O)[O-])cc1,-2.692,c1ccccc1,0,-2.5451868063114507,0.1468131936885495,1.5202180773355034,False,False,180.16299999999998,1.5531999999999997,1,3,72.24000000000001,2,1,0.125,1,13,0,47.40010000000001
915,CC(=O)Nc1ccc(O)cc1,CC(=O)Nc1ccc(O)cc1,-1.03,c1ccccc1,0,-1.6784204068047348,0.6484204068047348,1.2832562263455936,False,False,151.165,1.3505999999999998,2,2,49.33,1,1,0.125,1,11,0,42.41050000000002
928,CCCCOc1ccc(C(=O)OCC)c(c1)N(CC)CC ,CCCCOc1ccc(C(=O)OCC)c(N(CC)CC)c1,-3.84,c1ccccc1,0,-4.250010829306069,0.4100108293060689,2.6174410764178377,False,False,293.40700000000004,3.8884000000000034,0,4,38.77,9,1,0.5882352941176471,1,21,0,86.36250000000007
930,Cc1c(C)c(C)c(C)c(C)c1C,Cc1c(C)c(C)c(C)c(C)c1C,-5.23,c1ccccc1,0,-2.4161574728286235,2.813842527171377,2.0554061629138696,False,True,162.27599999999998,3.5371200000000025,0,0,0.0,0,1,0.5,1,12,0,54.86400000000003
931,CC(C)c1ccc(C)cc1O,Cc1ccc(C(C)C)c(O)c1,-2.22,c1ccccc1,0,-2.0695713474781035,0.15042865252189674,1.766097061923446,False,False,150.22099999999998,2.824020000000002,1,1,20.23,1,1,0.4,1,11,0,46.93280000000003
933,CCOP(=S)(OCC)Oc1ccc(cc1)N(=O)=O,CCOP(=S)(OCC)Oc1ccc([N+](=O)[O-])cc1,-4.66,c1ccccc1,0,-3.3421271568497843,1.3178728431502158,1.8971737225235326,True,True,291.26500000000004,3.2711000000000023,0,6,70.83000000000001,7,1,0.4,1,18,0,71.26140000000002
950,CC(C)OC(=O)Nc1cccc(Cl)c1,CC(C)OC(=O)Nc1cccc(Cl)c1,-3.38,c1ccccc1,0,-3.338485648840681,0.041514351159318785,2.04041409495632,True,False,213.66400000000002,3.2969000000000017,1,2,38.33,2,1,0.3,1,14,0,56.691700000000026
957,CC(O)c1ccccc1,CC(O)c1ccccc1,-0.92,c1ccccc1,0,-1.6525219109542397,0.7325219109542397,1.303926318454403,True,False,122.16699999999996,1.7399,1,1,20.23,1,1,0.25,1,9,1,37.07580000000001
965,c1(C(=O)OCCCCCC(C)(C))c(C(=O)OCCCCCC(C)(C))cccc1,CC(C)CCCCCOC(=O)c1ccccc1C(=O)OCCCCCC(C)C,-6.6370000000000005,c1ccccc1,0,-4.041523086686076,2.5954769133139246,2.4495903537094517,False,True,390.5640000000002,6.433000000000008,0,4,52.60000000000001,14,1,0.6666666666666666,1,28,0,113.61900000000007
967,Cc1cc(C)cc(C)c1,Cc1cc(C)cc(C)c1,-3.4,c1ccccc1,0,-2.2632355029537683,1.1367644970462316,1.5448300846244165,True,True,120.19499999999998,2.611860000000001,0,0,0.0,0,1,0.3333333333333333,1,9,0,40.65300000000001
968,CCCCCCCCOC(=O)c1ccccc1C(=O)OCCCCCCCC ,CCCCCCCCOC(=O)c1ccccc1C(=O)OCCCCCCCC,-5.115,c1ccccc1,0,-4.065711170854426,1.0492888291455742,2.494041997098232,True,False,390.56400000000036,6.721200000000008,0,4,52.60000000000001,16,1,0.6666666666666666,1,28,0,113.75900000000009
973,O=N(=O)c1ccccc1N(=O)=O,O=[N+]([O-])c1ccccc1[N+](=O)[O-],-3.1,c1ccccc1,0,-2.1235788218761362,0.9764211781238639,1.673014399207565,False,False,168.10799999999995,1.503,0,4,86.28,2,1,0.0,1,12,0,39.75080000000001
980,Fc1ccc(F)cc1,Fc1ccc(F)cc1,-1.97,c1ccccc1,0,-1.5033279945001765,0.46667200549982346,1.593863576249191,False,False,114.094,1.9647999999999999,0,0,0.0,0,1,0.0,1,8,0,26.357999999999997
982,CCCN(CCC)c1c(cc(cc1N(=O)=O)C(F)(F)F)N(=O)=O,CCCN(CCC)c1c([N+](=O)[O-])cc(C(F)(F)F)cc1[N+](=O)[O-],-5.68,c1ccccc1,0,-3.548413028704745,2.131586971295255,2.2063753785960074,True,True,335.28200000000004,4.148200000000004,0,5,89.51999999999998,7,1,0.5384615384615384,1,23,0,77.54780000000001
985,c1c(NC(=O)OC(C)C(=O)NCC)cccc1,CCNC(=O)C(C)OC(=O)Nc1ccccc1,-1.83,c1ccccc1,0,-2.583693940859136,0.7536939408591361,1.5326506406293048,True,False,236.271,1.7597,2,3,67.42999999999999,4,1,0.3333333333333333,1,17,1,64.69140000000003
993,Cc1ccc(cc1)N(=O)=O,Cc1ccc([N+](=O)[O-])cc1,-2.49,c1ccccc1,0,-2.1188232858159486,0.3711767141840516,1.4000661283144225,False,False,137.138,1.90322,0,2,43.14,1,1,0.14285714285714285,1,10,0,37.83340000000002
999,Cc1ccc(O)cc1,Cc1ccc(O)cc1,-0.73,c1ccccc1,0,-1.337679941523405,0.6076799415234051,1.7126983994418394,True,False,108.13999999999999,1.7006199999999998,1,1,20.23,0,1,0.14285714285714285,1,8,0,32.843799999999995
1001,CN(C)c1ccccc1,CN(C)c1ccccc1,-1.92,c1ccccc1,0,-1.7659218150904432,0.15407818490955671,1.45154041304078,False,False,121.18299999999995,1.7526,0,1,3.24,1,1,0.25,1,9,0,40.76900000000002
1013,CNC(=O)Oc1ccccc1C(C)C,CNC(=O)Oc1ccccc1C(C)C,-2.863,c1ccccc1,0,-2.124212718385988,0.738787281614012,1.2890462990176217,True,False,193.24599999999998,2.528200000000001,1,2,38.33,2,1,0.36363636363636365,1,14,0,55.614700000000035
1016,COc1ccccc1Cl,COc1ccccc1Cl,-2.46,c1ccccc1,0,-2.270135931620202,0.18986406837979786,1.8762921126069887,False,False,142.58499999999998,2.3486000000000002,0,1,9.23,1,1,0.14285714285714285,1,9,0,38.00400000000001
1017,COP(=S)(OC)Oc1cc(Cl)c(Br)cc1Cl,COP(=S)(OC)Oc1cc(Cl)c(Br)cc1Cl,-6.09,c1ccccc1,0,-3.559793283781204,2.530206716218796,2.4847957210646974,False,True,366.0,4.652000000000002,0,4,27.69,4,1,0.25,1,16,0,73.09300000000002
1023,CC(C)c1ccc(C)cc1,Cc1ccc(C(C)C)cc1,-3.77,c1ccccc1,0,-2.9346935924646287,0.8353064075353713,1.835021855784413,False,False,134.22199999999998,3.118420000000002,0,0,0.0,1,1,0.4,1,10,0,45.26800000000003
1024,Oc1c(Cl)cccc1Cl,Oc1c(Cl)cccc1Cl,-1.79,c1ccccc1,0,-2.884934734627096,1.094934734627096,2.113350645478724,False,True,163.003,2.699,1,1,20.23,0,1,0.0,1,9,0,38.12680000000001
1028,OCC(NC(=O)C(Cl)Cl)C(O)c1ccc(cc1)N(=O)=O,O=C(NC(CO)C(O)c1ccc([N+](=O)[O-])cc1)C(Cl)Cl,-2.111,c1ccccc1,0,-2.654855715399429,0.5438557153994288,2.2630860529859786,False,False,323.13200000000006,0.909,3,5,112.70000000000002,6,1,0.36363636363636365,1,20,2,72.56670000000003
1031,Brc1ccccc1Br,Brc1ccccc1Br,-3.5,c1ccccc1,0,-2.8402493606278005,0.6597506393721995,1.6784313913838018,False,False,235.90599999999998,3.2116000000000007,0,0,0.0,0,1,0.0,1,8,0,41.84200000000001
1032,Oc1c(Cl)cc(Cl)cc1Cl,Oc1c(Cl)cc(Cl)cc1Cl,-2.34,c1ccccc1,0,-3.425270510848139,1.0852705108481393,2.45616199878414,False,False,197.44799999999998,3.3523999999999994,1,1,20.23,0,1,0.0,1,10,0,43.13680000000001
1033,CCCN(CCC)c1c(cc(cc1N(=O)=O)S(N)(=O)=O)N(=O)=O,CCCN(CCC)c1c([N+](=O)[O-])cc(S(N)(=O)=O)cc1[N+](=O)[O-],-5.16,c1ccccc1,0,-3.1133660813645228,2.0466339186354774,2.011336169790362,False,True,346.3650000000001,1.7768000000000002,1,7,149.67999999999998,8,1,0.5,1,23,0,83.91900000000003
1040,Cc1ccc(O)cc1C,Cc1ccc(O)cc1C,-1.38,c1ccccc1,0,-1.7759818812591828,0.3959818812591829,1.5337169945424367,False,False,122.16699999999999,2.0090399999999997,1,1,20.23,0,1,0.25,1,9,0,37.5808
1044,Sc1ccccc1,Sc1ccccc1,-2.12,c1ccccc1,0,-1.8019328459164448,0.31806715408355535,1.2557510874397062,True,False,110.18099999999997,1.9752999999999996,1,1,0.0,0,1,0.0,1,7,0,33.694
1045,CNC(=O)Oc1cc(C)cc(C)c1,CNC(=O)Oc1cc(C)cc(C)c1,-2.5810000000000004,c1ccccc1,0,-1.5425983407391866,1.0384016592608138,1.2681015604397938,False,False,179.219,2.02164,1,2,38.33,1,1,0.3,1,13,0,50.999700000000026
1048,NC(=O)c1ccccc1,NC(=O)c1ccccc1,-0.96,c1ccccc1,0,-1.2605538373308536,0.3005538373308536,1.306130330441149,True,False,121.13899999999995,0.7855000000000001,1,1,43.09,1,1,0.0,1,9,0,34.95990000000001
1049,Clc1ccccc1Br,Clc1ccccc1Br,-3.19,c1ccccc1,0,-3.0572774689609306,0.1327225310390694,1.9181951689319667,False,False,191.45499999999998,3.1025,0,0,0.0,0,1,0.0,1,8,0,39.152000000000015
1053,Oc1cc(Cl)cc(Cl)c1,Oc1cc(Cl)cc(Cl)c1,-1.34,c1ccccc1,0,-2.9515353664035424,1.6115353664035423,2.330732407936633,False,True,163.003,2.699,1,1,20.23,0,1,0.0,1,9,0,38.12680000000001
1057,Cc1ccccc1,Cc1ccccc1,-2.21,c1ccccc1,0,-2.078811533091714,0.13118846690828612,1.4205227059688197,True,False,92.14099999999999,1.99502,0,0,0.0,0,1,0.14285714285714285,1,7,0,31.17899999999999
1065,Oc1cc(Cl)c(Cl)c(Cl)c1Cl,Oc1cc(Cl)c(Cl)c(Cl)c1Cl,-3.15,c1ccccc1,0,-4.152088144411261,1.0020881444112608,2.748637093109752,False,False,231.893,4.0058,1,1,20.23,0,1,0.0,1,11,0,48.146800000000006
1069,COc1ccccc1O,COc1ccccc1O,-1.96,c1ccccc1,0,-1.4311971559983412,0.5288028440016588,1.4474164144937995,False,False,124.13899999999997,1.4008,1,2,29.46,1,1,0.14285714285714285,1,9,0,34.6588
1072,CCOC(=O)c1ccccc1C(=O)OCC,CCOC(=O)c1ccccc1C(=O)OCC,-2.35,c1ccccc1,0,-2.341065285316436,0.008934714683563882,1.5819957737288761,True,False,222.23999999999995,2.04,0,4,52.60000000000001,4,1,0.3333333333333333,1,16,0,58.35500000000003
1074,CC(C)Cc1ccccc1,CC(C)Cc1ccccc1,-4.12,c1ccccc1,0,-3.006123827643369,1.113876172356631,1.6937634325371642,True,True,134.22199999999998,2.8851000000000013,0,0,0.0,2,1,0.4,1,10,0,44.98400000000003
1078,Oc1c(Cl)c(Cl)cc(Cl)c1Cl,Oc1c(Cl)c(Cl)cc(Cl)c1Cl,-3.37,c1ccccc1,0,-4.200371281836949,0.8303712818369489,2.8167479048571553,False,False,231.893,4.0058,1,1,20.23,0,1,0.0,1,11,0,48.14680000000001
1079,CCCc1ccccc1,CCCc1ccccc1,-3.37,c1ccccc1,0,-3.124998126521254,0.24500187347874602,1.908834192440467,True,False,120.19499999999995,2.639100000000001,0,0,0.0,2,1,0.3333333333333333,1,9,0,40.43700000000001
1083,Cc1cc(C)c(C)cc1C,Cc1cc(C)c(C)cc1C,-4.59,c1ccccc1,0,-2.587056627464049,2.0029433725359507,1.6930549027129105,False,True,134.22199999999998,2.9202800000000018,0,0,0.0,0,1,0.4,1,10,0,45.39000000000002
1089,CC(=O)Nc1cc(NS(=O)(=O)C(F)(F)F)c(C)cc1C,CC(=O)Nc1cc(NS(=O)(=O)C(F)(F)F)c(C)cc1C,-3.24,c1ccccc1,0,-2.5562572153068244,0.6837427846931758,1.5116617246506872,True,False,310.297,2.52334,2,3,75.27000000000001,3,1,0.36363636363636365,1,20,0,68.81720000000001
1094,c1(C(C)(C)C)cc(C(C)(C)C)cc(OC(=O)NC)c1,CNC(=O)Oc1cc(C(C)(C)C)cc(C(C)(C)C)c1,-4.24,c1ccccc1,0,-3.058341697709701,1.1816583022902991,1.784377753398401,False,True,263.381,3.999800000000003,1,2,38.33,1,1,0.5625,1,19,0,78.92570000000006
1114,CCCCc1ccccc1,CCCCc1ccccc1,-4.06,c1ccccc1,0,-3.7009942610935918,0.35900573890640786,2.388906261001639,True,False,134.22199999999998,3.0292000000000012,0,0,0.0,3,1,0.4,1,10,0,45.05400000000003
1121,N#Cc1ccccc1C#N,N#Cc1ccccc1C#N,-2.38,c1ccccc1,0,-1.9681512518951307,0.41184874810486916,1.535645257126365,False,False,128.13399999999996,1.4299600000000001,0,2,47.58,0,1,0.0,1,10,0,35.872000000000014
1122,Cc1cccc(c1)N(=O)=O,Cc1cccc([N+](=O)[O-])c1,-2.44,c1ccccc1,0,-2.758611485080911,0.3186114850809112,1.877414729881462,False,False,137.138,1.90322,0,2,43.14,1,1,0.14285714285714285,1,10,0,37.83340000000001
1127,COP(=O)(OC)OC(=CCl)c1cc(Cl)c(Cl)cc1Cl,COP(=O)(OC)OC(=CCl)c1cc(Cl)c(Cl)cc1Cl,-4.522,c1ccccc1,0,-3.4424625620491716,1.0795374379508287,2.44530419882776,False,False,365.96400000000006,5.6015000000000015,0,4,44.760000000000005,5,1,0.2,1,19,0,78.01150000000003
