idx,logS,prediction,abs_error,uncertainty
0,-0.77,-1.1874590012707749,0.41745900127077484,0.8890728049104104
1,-3.3,-2.80916627476561,0.49083372523438973,1.9234862687446663
2,-2.06,-2.0247030580418026,0.035296941958197436,1.429335412437423
3,-7.87,-6.558705190628723,1.3112948093712768,1.5001377960639066
4,-1.33,-1.7768730397503394,0.4468730397503393,1.492303098569843
5,-1.5,-1.8313830133079052,0.3313830133079052,1.0551449450999226
6,-7.32,-3.72895440359911,3.5910455964008903,2.581443124506022
7,-5.03,-3.245835962454515,1.7841640375454855,1.9316165120048991
8,-6.29,-4.199041593401548,2.0909584065984523,2.556880647065827
9,-4.42,-3.661047142860048,0.7589528571399518,2.2820081405794506
10,1.07,-0.8160339161685805,1.8860339161685804,1.0925051011383857
11,-4.14,-4.115535257178787,0.02446474282121258,2.6645690467075585
12,-2.68,-2.1356093409854986,0.5443906590145016,1.2739310931777363
13,-2.64,-1.5388408041508728,1.1011591958491274,1.1405219144857575
14,-7.96,-6.40105088010513,1.5589491198948702,1.0570847892943007
15,-1.41,-1.5001803090407544,0.09018030904075447,0.6375992600255436
16,-0.47,-0.7261812702276225,0.2561812702276225,0.7364960609570884
17,-1.0,-1.3875007818467509,0.38750078184675085,1.5170651591417013
18,-3.64,-3.196162146831001,0.44383785316899926,1.7990125399636303
19,-2.94,-2.972922757180932,0.03292275718093185,1.2091394438709886
20,-7.43,-4.110086369506829,3.319913630493171,2.4953550168745435
21,-4.593999999999999,-2.8641929917549565,1.729807008245043,2.2241551844499403
22,-4.11,-3.302307315623488,0.8076926843765122,1.8481179456185894
23,-2.35,-2.6623716821514316,0.3123716821514315,1.884502176738742
24,-5.47,-3.5198610418461245,1.9501389581538753,2.171029165311196
25,-1.81,-2.965623013181555,1.1556230131815548,1.3645430185884062
26,-1.39,-1.7075509211836182,0.3175509211836183,0.9694316157795545
27,-1.661,-2.007853906734407,0.34685390673440697,1.27015079476696
28,-6.9,-4.556357600594911,2.3436423994050894,2.881250832970882
29,-3.17,-3.223804423186511,0.05380442318651113,0.6375992600255436
30,-3.75,-2.694070770284092,1.055929229715908,1.725189426500336
31,-4.755,-3.537752819172404,1.217247180827596,2.0129162778248464
32,-4.805,-3.0028712773879342,1.8021287226120655,1.7864368839977265
33,-1.64,-1.5987450190520982,0.0412549809479017,0.9344088214687967
34,-5.22,-3.697569792637986,1.5224302073620137,2.1538694659212845
35,-0.85,-0.8828817359427299,0.03288173594272992,0.6375992600255436
36,-3.504,-2.248283948709429,1.255716051290571,1.5492666429211546
37,-3.927,-2.8449506452229576,1.0820493547770424,1.715154493545807
38,-4.15,-3.905047541389589,0.24495245861041148,2.876359941171442
39,-4.81,-3.9653257954635395,0.8446742045364601,2.287181638493471
40,-4.88,-3.014887432152609,1.8651125678473908,1.8058543954448096
41,-0.15,-0.7080363942229623,0.5580363942229623,0.7139578573617854
42,-1.655,-1.760835632574317,0.10583563257431705,1.0036352848202048
43,-2.53,-1.7061593444491816,0.8238406555508182,1.2156377153556717
44,-0.63,-0.5202050815289377,0.10979491847106226,0.6375992600255436
45,-1.55,-1.6410329153560181,0.0910329153560181,0.6375992600255436
46,-3.083,-2.4180639628373344,0.6649360371626658,1.515149313384833
47,-3.127,-1.901149120121401,1.2258508798785988,1.1240015663721135
48,-4.76,-2.43577759976656,2.32422240023344,1.4599985157759299
49,-1.94,-2.2866458383999477,0.3466458383999478,1.4644009854348559
50,-3.66,-3.801726352515695,0.14172635251569465,1.3253726681293538
51,-2.17,-2.0888349674029767,0.08116503259702323,1.224681705034418
52,-8.057,-5.917604814375345,2.1393951856246556,1.1934166690432741
53,-2.523,-2.781467126331152,0.25846712633115176,1.8382984719881077
54,-8.6,-4.283496124599438,4.316503875400562,2.55485015128101
55,-0.62,-1.600635050743011,0.9806350507430109,1.52158180246983
56,-5.05,-2.9753353381303205,2.0746646618696793,1.9782822016425303
57,-4.14,-2.909458389433262,1.2305416105667377,1.9765206057946736
58,-6.57,-5.381986840428688,1.1880131595713124,3.0725858646716206
59,-0.19,-0.6782410743935703,0.4882410743935703,0.6739750438730802
60,-9.15,-3.9864503943391947,5.163549605660806,2.568453769350342
61,-0.82,-0.7986226524074704,0.021377347592529516,0.6375992600255436
62,-3.68,-2.812089083112795,0.867910916887205,1.7082375765638838
63,-0.8,-0.8316629000643326,0.03166290006433259,1.585720359234596
64,-2.81,-2.278051343706747,0.5319486562932529,1.471277419350239
65,-5.931,-3.7757591559582315,2.1552408440417685,2.27811586298874
66,-4.06,-2.3590386477870147,1.700961352212985,1.7502584128922856
67,-0.667,-0.1900115803495422,0.47698841965045785,0.6375992600255436
68,-2.68,-1.0490977987237624,1.6309022012762378,1.0730347442140604
69,-5.27,-3.2763224422050206,1.993677557794979,2.124481779831618
70,-3.38,-1.6787299546828383,1.7012700453171616,1.0807487624924463
71,-5.46,-4.132936653018548,1.3270633469814523,2.503479759946188
72,-1.96,-2.32377967193262,0.36377967193261984,1.405149620287175
73,-2.369,-2.0716977669695282,0.297302233030472,1.1691927371540198
74,-2.25,-1.461299372554159,0.788700627445841,0.6375992600255436
75,-1.92,-1.4681697805919094,0.45183021940809054,1.063598754690795
76,-5.886,-4.2699587057392865,1.6160412942607136,2.9562268055377023
77,-6.01,-3.6603364320669782,2.3496635679330216,2.2834211217965037
78,-1.73,-1.4202303115199257,0.30976968848007425,0.8982406104040556
79,-3.4930000000000003,-4.229465545883841,0.7364655458838403,3.0765419917013292
80,-1.995,-1.4510468729074797,0.5439531270925204,1.1325627000403584
81,-0.466,-1.2878120285238412,0.8218120285238413,1.2621957778714696
82,0.32,-0.7208926327663774,1.0408926327663774,0.6375992600255436
83,-2.77,-2.254911018145632,0.515088981854368,1.4219990623431313
84,-3.28,-2.6688851908364106,0.6111148091635892,1.6473731979966042
85,-3.67,-2.2921613524072497,1.3778386475927502,1.6628783747514566
86,-6.876,-4.856817399070311,2.019182600929689,2.8635518825347113
87,-0.8,-1.0032857891765552,0.20328578917655515,1.1503809156122105
88,-2.35,-2.0382085247733355,0.3117914752266646,1.1570815492960445
89,-5.36,-3.367232987045662,1.9927670129543382,1.9955459044407755
90,-3.48,-3.498552467410427,0.01855246741042693,2.1848404849744245
91,-3.46,-2.251204427250893,1.208795572749107,1.4082067151960518
92,-6.0,-5.368003536506833,0.6319964634931674,2.8431951239305495
93,-1.34,-1.3184441580326398,0.021555841967360267,0.7666231610137914
94,-4.29,-3.8480596609669364,0.4419403390330636,2.244904497965296
95,-4.07,-2.7006850925838566,1.3693149074161437,2.224769027236227
96,-5.64,-3.6182318655799692,2.0217681344200304,2.3864167347759992
97,-7.25,-3.7671118301692537,3.4828881698307463,2.568981781148996
98,-1.6,-2.246192682169366,0.646192682169366,1.4876446282794127
99,-3.27,-2.9696935561445748,0.30030644385542526,1.6332010027878434
100,-3.45,-3.3334677005697118,0.11653229943028842,1.907304097111324
101,-5.43,-3.492748012783583,1.937251987216417,2.162698212443358
102,0.39,-0.9311154586755466,1.3211154586755467,1.881867580294263
103,-0.63,-0.8614531519476868,0.23145315194768679,0.6375992600255436
104,-4.17,-4.2242993956440955,0.05429939564409558,2.5232447768670636
105,0.58,-0.04277015736657159,0.6227701573665716,0.6375992600255436
106,-1.74,-1.7626948501270927,0.022694850127092714,1.3164424500143654
107,-1.506,-1.39878257093737,0.10721742906262999,1.0595245343233899
108,-2.55,-1.7234568437274462,0.8265431562725536,0.6375992600255436
109,-1.23,-1.28113874599945,0.05113874599945012,0.8165382255924991
110,-3.61,-2.562174706220983,1.0478252937790167,1.492578502130019
111,-4.7,-3.4049865617606634,1.2950134382393368,1.9556862023488348
112,-3.18,-2.0106629372791294,1.1693370627208708,1.2151048771127921
113,0.0,-1.0121287118775872,1.0121287118775872,1.3550056529585561
114,-5.17,-3.0246554145585356,2.1453445854414643,1.7827825105739779
115,-2.523,-1.3915779321991517,1.1314220678008484,1.1121568233942634
116,-1.45,-1.6560102780500703,0.20601027805007033,1.3020906544852648
117,-4.432,-3.9599855687294534,0.472014431270547,2.218030196223121
118,-5.21,-4.774599714527502,0.43540028547249765,3.530468527496839
119,-4.54,-2.9812413915102387,1.5587586084897613,1.7777543998390668
120,-3.03,-1.9318907087545747,1.0981092912454251,1.1869557611959216
121,-4.8,-2.482367142048502,2.317632857951498,1.84439941257282
122,-5.65,-5.1204460273285655,0.5295539726714349,3.0909775477824755
123,-1.01,-2.0753751878873206,1.0653751878873206,1.5200617484506107
124,-5.51,-4.69770029175695,0.8122997082430494,0.8646729388565688
125,-0.6,-0.7288407058036462,0.12884070580364626,1.1176108710942865
126,-2.24,-2.3284989306315174,0.08849893063151715,1.7461137546859538
127,-7.337000000000001,-3.989648227115944,3.3473517728840565,2.51074878123523
128,0.76,-0.014063966493922771,0.7740639664939227,0.6375992600255436
129,-4.43,-4.41127205444671,0.01872794555329005,1.0903750131630252
130,0.36,-1.3873140949498597,1.7473140949498598,1.0053267317016534
131,-3.43,-2.3662968716302464,1.0637031283697538,1.6855654898591594
132,-2.09,-2.015153032890434,0.07484696710956573,1.5598976296429865
133,-0.82,-1.1191544544886012,0.29915445448860123,1.0038986132821406
134,-4.26,-3.0055548745221374,1.2544451254778624,1.8389199380075758
135,-3.04,-2.576407264905843,0.4635927350941569,1.4172337390591179
136,-2.41,-1.9413501068246037,0.4686498931753964,1.725606755777172
137,-1.886,-1.492833211879342,0.393166788120658,0.8947975704629672
138,-3.55,-3.794154567886711,0.24415456788671097,2.5285588918545083
139,-4.35,-4.0688164576827885,0.2811835423172111,2.402207136636126
140,-2.54,-2.143924043469469,0.39607595653053096,0.6375992600255436
141,0.45,-1.5097883701265467,1.9597883701265466,1.1353405506292222
142,-1.96,-1.498077301781323,0.46192269821867704,0.9293082795242961
143,-1.92,-2.989554831624065,1.0695548316240653,2.0986913555533913
144,-2.82,-2.284288725169009,0.5357112748309909,1.592413624829081
145,-1.947,-0.9546516102067797,0.9923483897932204,0.7789174241267256
146,1.57,-0.014764836423155524,1.5847648364231557,0.8003740237374571
147,-2.468,-1.8597787279238935,0.6082212720761064,1.0480222833622563
148,0.52,-0.46297363404309955,0.9829736340430996,0.8384573065283631
149,-1.077,-1.2557186741921842,0.17871867419218423,1.127891551301147
150,-1.95,-1.1681980127020464,0.7818019872979536,1.4292902428933945
151,0.81,-1.522461883052556,2.332461883052556,1.3495128512073429
152,-1.24,-2.715844804955752,1.475844804955752,1.604051566471331
153,-2.73,-2.561155975000588,0.16884402499941187,0.7860122195675532
154,-1.87,-1.1080434292115875,0.7619565707884126,0.6898302347873487
155,-0.72,-1.0301023170144723,0.31010231701447233,0.8139275058429628
156,-1.99,-1.8574549077944045,0.13254509220559552,1.121037089124183
157,-0.02,-0.0018396152381954952,0.018160384761804507,0.6375992600255436
158,-6.62,-3.7546765114292335,2.8653234885707666,2.4891686024002575
159,-3.08,-2.8508570391158434,0.22914296088415664,2.206994062906237
160,-2.253,-1.941252249111102,0.31174775088889817,1.2391293649688762
161,-6.01,-3.422647049809881,2.5873529501901187,2.071746811404054
162,-1.3,-1.4689933105757642,0.16899331057576417,0.8687925044630067
163,-3.082,-2.5382880788048543,0.5437119211951456,1.5834334509314905
164,-3.043,-2.588559899928031,0.45444010007196933,1.6381331193199073
165,-2.46,-1.390155045763282,1.0698449542367179,1.0434814523311937
166,-5.28,-3.260305223422983,2.0196947765770172,2.1042665972438916
167,-6.523,-4.800218914865681,1.7227810851343186,3.3467301303842354
168,-0.22,-0.6502030959901799,0.4302030959901799,0.7164096542254837
169,-6.124,-4.172566694658991,1.9514333053410082,3.007378169615506
170,-4.57,-4.353319590283154,0.21668040971684643,2.469048509169622
171,-1.807,-0.8575764879791741,0.9494235120208259,1.1081697689660692
172,-4.65,-3.6142836190138383,1.035716380986162,2.0473953413692985
173,-1.0,-1.249467434186832,0.24946743418683193,1.15939178040155
174,-1.13,-2.2201655334121417,1.0901655334121418,1.3059362666501588
175,-6.301,-4.658357599866771,1.6426424001332292,3.3325832277573917
176,-1.06,-1.9831899514656168,0.9231899514656168,1.112215045809897
177,-2.39,-1.917815092602305,0.47218490739769514,1.1085666067602626
178,-2.58,-1.8234453578001166,0.7565546421998834,1.255204913548663
179,-2.337,-2.134485652656118,0.2025143473438824,1.2593776810259638
180,-3.68,-2.5574589087603528,1.1225410912396474,1.574689110014559
181,-8.6,-4.193849970858874,4.406150029141125,2.4545978733992175
182,-2.925,-2.849962230907851,0.07503776909214865,1.604685984946147
183,-0.092,-0.33832931697722907,0.24632931697722907,0.6375992600255436
184,-5.752000000000001,-4.781099223052684,0.9709007769473166,2.7265842689402864
185,-5.66,-3.435438286800075,2.2245617131999254,1.9482354137498656
186,1.1,0.038218937969027984,1.061781062030972,0.6375992600255436
187,-4.63,-4.7936277820377535,0.16362778203775363,2.8526703928144546
188,-7.32,-3.5919790886835017,3.7280209113164986,2.2211985529565723
189,-0.72,-1.2950049638613748,0.5750049638613748,1.1317790879162248
190,-3.8,-3.4626060130536773,0.3373939869463225,0.6375992600255436
191,-1.601,-3.0946312871782635,1.4936312871782635,1.827583057580411
192,-2.05,-2.467928139712509,0.417928139712509,1.5613481520327452
193,-1.96,-1.586456998129948,0.37354300187005207,0.8725969187898747
194,-2.28,-3.101103434925017,0.8211034349250173,2.0960401781635016
195,-5.696000000000001,-4.15980292811745,1.536197071882551,2.7107460767909397
196,-2.36,-1.90887372664858,0.45112627335141986,1.0824094247662315
197,-4.24,-3.884791309003128,0.35520869099687236,1.1846052617582707
198,-3.52,-2.72610133868539,0.7938986613146102,1.7477799068696862
199,-1.1,-1.172286003626465,0.07228600362646498,0.8263982206740593
200,-3.094,-1.9384182541939718,1.155581745806028,1.287949521590976
201,1.34,-0.3783501621886549,1.718350162188655,0.6375992600255436
202,-0.41,-0.618787308420691,0.208787308420691,0.6375992600255436
203,-4.862,-3.505843760778144,1.356156239221856,2.268641898730074
204,-3.408,-1.6193662782527116,1.7886337217472883,1.0935491575331506
205,0.57,-0.3754502773621462,0.9454502773621462,0.6375992600255436
206,-2.296,-1.8616588670406167,0.43434113295938315,1.108670244730993
207,-2.16,-1.245717578676539,0.914282421323461,0.8946476335097118
208,-1.8,-1.9535715316587718,0.1535715316587718,1.6481416921039183
209,-1.47,-1.2659804154337304,0.20401958456626956,0.6375992600255436
210,-0.04,-0.27147403871525144,0.23147403871525143,0.6375992600255436
211,-4.36,-2.626067168388393,1.7339328316116074,1.574267940026602
212,-4.0,-2.7407017606309196,1.2592982393690804,1.859956057955889
213,-1.64,-1.3032967989426396,0.3367032010573603,1.648960136736911
214,-3.896,-3.2918395377681327,0.6041604622318673,2.156393765025669
215,-6.56,-3.3116081237255997,3.2483918762744,2.239895733302515
216,0.38,-1.34500615612589,1.72500615612589,0.9526602556721055
217,-2.06,-1.8660158858302538,0.19398411416974626,1.1792894770132722
218,-5.736000000000001,-5.043117550259909,0.6928824497400914,2.8961357183261924
219,-3.571,-2.118174780148909,1.4528252198510914,1.3431203106770853
220,-8.804,-5.094126961059255,3.709873038940745,3.0535169517788763
221,-2.82,-2.472113248028726,0.34788675197127406,1.5768190370355424
222,-4.4,-4.3517178857624215,0.04828211423757889,2.6342230876970754
223,-2.34,-2.2575614629555774,0.0824385370444225,1.5998743399767477
224,-1.139,-1.4688706449338185,0.32987064493381846,1.0447435624381596
225,-3.19,-3.046823588518398,0.1431764114816021,1.7270498217446817
226,-3.658,-3.223787834912526,0.43421216508747396,1.9760542613590262
227,-2.03,-1.436851459445893,0.5931485405541068,0.9410331397892998
228,-1.99,-2.4898576079751353,0.49985760797513534,2.261570494878022
229,-4.57,-3.112187197845626,1.4578128021543741,1.9920208466685148
230,-0.44,-0.9821974951579019,0.5421974951579018,0.6375992600255436
231,-1.16,-1.6921608475818002,0.5321608475818003,0.9921504575441651
232,-4.16,-3.4324769834920943,0.7275230165079059,1.9250928756111603
233,0.06,-0.07244421436438518,0.1324442143643852,0.6375992600255436
234,-4.62,-2.5096504430835322,2.110349556916468,1.807984001837039
235,-3.85,-2.6997677155695334,1.1502322844304667,1.846278189696672
236,-1.77,-1.7680587666613217,0.0019412333386783498,1.137215108345699
237,-1.3,-1.3756196654568174,0.07561966545681731,1.0443537368100666
238,-0.72,-0.837199411873845,0.11719941187384497,0.6375992600255436
239,-0.7,-2.113930247214139,1.4139302472141388,2.166050124545467
240,-0.6,-1.4262971744907642,0.8262971744907642,1.2588513512345132
241,-0.85,-1.398869588822968,0.5488695888229681,1.6364527499667954
242,-2.168,-1.3192209273098452,0.848779072690155,0.809121174801804
243,-4.046,-3.221456720393026,0.8245432796069743,2.0181372199762184
244,-3.3,-2.8047020313817814,0.4952979686182184,0.8015451675226432
245,-3.785,-2.747518347615192,1.037481652384808,1.793910784113443
246,-2.616,-1.9608817901103133,0.6551182098896868,1.4961942488402844
247,-3.59,-3.6855536231909376,0.09555362319093774,2.294658434913259
248,-4.09,-3.42027462999634,0.6697253700036598,1.9836436004274562
249,0.62,-1.5623456427608426,2.1823456427608425,1.209487151194414
250,-2.62,-3.1476862472994016,0.5276862472994015,1.8986813039025412
251,-0.45,-0.9589353905864917,0.5089353905864917,0.6375992600255436
252,-2.23,-2.424463400908142,0.19446340090814207,1.5735375274541685
253,0.85,-0.40549413455847566,1.2554941345584756,0.810294379337488
254,-5.35,-3.3818604218305595,1.9681395781694402,2.0058455154144
255,-1.22,-1.120045595088723,0.09995440491127705,1.0443381873042352
256,-3.6,-3.6782529879465202,0.07825298794652014,1.266242436790319
257,-1.7,-1.936897878487026,0.23689787848702615,1.4507303541692154
258,-4.097,-2.4937177353216144,1.603282264678386,1.5100015191539025
259,-7.02,-5.206070563211008,1.8139294367889915,3.091002748816537
260,-6.34,-3.0952642346491834,3.2447357653508164,2.154312659248156
261,-6.89,-3.931988169716123,2.9580118302838767,2.500811076305606
262,-7.28,-4.114515390067306,3.165484609932694,2.496755023177697
263,-4.678,-4.000220303678102,0.677779696321898,2.743482653767897
264,-2.89,-2.723323715455421,0.16667628454457928,1.8699283990244546
265,-3.37,-2.043541382908505,1.326458617091495,1.2989037543172042
266,-4.13,-3.4832519053275304,0.6467480946724695,2.1839990384429044
267,-2.37,-2.0374133024269776,0.3325866975730225,0.8915871968808172
268,-6.98,-2.8592824974321362,4.120717502567864,2.237377283490722
269,-0.74,-0.9245875650385326,0.18458756503853258,0.6893876042523289
270,-3.4,-2.7791080479403063,0.6208919520596936,1.646760481192031
271,-2.78,-2.772433801542368,0.007566198457631845,2.334225028323187
272,-8.402000000000001,-4.116221093753009,4.285778906246992,2.528454052792052
273,-2.016,-1.969488577342661,0.0465114226573391,1.1565055087488085
274,-4.04,-3.1956191525836575,0.8443808474163426,1.8713778638103546
275,-4.55,-3.9295998048800307,0.6204001951199691,2.3415167958026175
276,1.09,-0.07244421436438518,1.1624442143643852,0.6375992600255436
277,-0.6,-1.2911488411264662,0.6911488411264662,0.865221737143313
278,-1.48,-1.6630317039268223,0.18303170392682233,1.2111320455126413
279,-2.09,-2.0767420218431547,0.013257978156845152,1.357825052795627
280,-1.82,-1.6313642960157053,0.18863570398429474,1.3120734772582763
281,-2.33,-1.910806706118239,0.4191932938817611,1.4004899238985737
282,-2.766,-1.6880494695786408,1.0779505304213592,0.9470143394110814
283,-3.21,-2.368226377235863,0.841773622764137,1.5360502605118118
284,-4.0,-3.710216565386041,0.28978343461395895,1.2613674865365323
285,-2.4,-1.5952175096902041,0.8047824903097958,0.9144169620419047
286,-4.62,-3.019285506388959,1.600714493611041,1.8998874868810014
287,-1.74,-1.7346219181914875,0.005378081808512514,0.7555825692330033
288,-5.153,-3.044499940619242,2.1085000593807575,1.7213272807788647
289,-5.84,-4.588037618686588,1.2519623813134118,2.5147562567277664
290,-4.4,-3.061482094430184,1.3385179055698164,1.8719975927243673
291,-4.02,-3.391264180119941,0.6287358198800588,2.059587764347893
292,0.523,-1.803030348385232,2.326030348385232,1.561117875812746
293,-5.282,-3.0528890118154948,2.2291109881845053,1.775660027588656
294,-4.5760000000000005,-2.651677841489874,1.9243221585101264,1.5083475811928577
295,-2.41,-2.5170330852525344,0.1070330852525343,1.8443034959249818
296,-3.12,-3.7029325217868347,0.5829325217868346,1.171715205353275
297,-9.16,-4.9606350882076375,4.199364911792363,2.9071407221926644
298,-0.41,-0.7617934038560243,0.35179340385602437,1.3794848752980156
299,-8.334,-5.275736110353168,3.058263889646832,1.2317663102604608
300,-3.324,-3.0251458100097963,0.2988541899902035,1.6947341722291784
301,-1.29,-1.4989571651441689,0.20895716514416884,0.6375992600255436
302,-1.34,-1.690844882764873,0.3508448827648729,1.1570962078524771
303,-6.49,-3.5724912203148462,2.917508779685154,2.170535733851533
304,-4.64,-2.054910478857197,2.5850895211428027,1.919876536399084
305,-4.194,-3.808585270920706,0.38541472907929375,2.1853517825999687
306,-4.0,-3.9489161987213137,0.05108380127868628,2.220271481513023
307,-2.31,-2.045201919942298,0.2647980800577021,0.6375992600255436
308,-3.2,-3.1453955395473185,0.054604460452681636,1.9103577117481931
309,-1.29,-1.1083756161492915,0.18162438385070856,0.6506022908022995
310,-3.999,-3.2976578924723134,0.7013421075276867,1.9546621243302107
311,-2.17,-2.3642194710610966,0.19421947106109672,1.7717612239916478
312,-4.47,-2.2817888967171287,2.188211103282871,1.7930623120523694
313,-2.68,-3.0726621881196463,0.39266218811964615,2.0621539414163292
314,-0.24,-1.6885340160561149,1.4485340160561149,1.512308110367923
315,-3.13,-3.0352213003094803,0.09477869969051955,2.039778474215404
316,-7.0,-5.471411443032375,1.528588556967625,1.1280987412519654
317,-1.4880000000000002,-1.3718529408058002,0.11614705919419999,0.9913322102056412
318,-2.12,-0.8641028066139089,1.2558971933860912,1.1804050893387323
319,-7.21,-4.329764665707096,2.8802353342929043,2.5485201217789495
320,-2.596,-2.0349788109403435,0.5610211890596566,1.2174881458806246
321,-8.23,-5.653934810469706,2.5760651895302944,3.222425477475949
322,-3.15,-2.5564026817537586,0.5935973182462413,1.5472244289090495
323,-2.322,-1.9039585844169369,0.4180414155830632,1.141825753515988
324,-6.29,-3.6186187041591182,2.671381295840882,2.2922811057364743
325,-3.536,-2.650396738732033,0.885603261267967,1.5815788729296725
326,-1.716,-2.367450714285462,0.6514507142854622,1.4705580847658615
327,-1.04,-0.9875131663018678,0.05248683369813223,0.7888266398043466
328,-1.75,-1.3734106675985347,0.3765893324014653,0.799317160219812
329,-3.22,-2.37775322964102,0.84224677035898,1.4580349440758948
330,-4.2,-3.5254718643344214,0.6745281356655788,1.9902957920499726
331,-3.51,-2.867695792979492,0.6423042070205076,0.675280907892446
332,-0.49,-0.6902826888386007,0.20028268883860068,0.6375992600255436
333,-3.76,-3.012053801718909,0.7479461982810909,1.708404183456729
334,-1.37,-2.0506631356209524,0.6806631356209523,2.0791332234852518
335,-4.26,-2.361725125559627,1.8982748744403728,1.52728143754581
336,-4.6,-2.8790446135363577,1.720955386463642,1.6753619829955426
337,-3.42,-2.473405297957698,0.9465947020423018,1.38649385310699
338,-3.43,-2.8230701064268304,0.6069298935731697,1.656425409967901
339,-3.67,-2.784907262553241,0.885092737446759,1.5731353905876204
340,-3.11,-2.4905436400926755,0.6194563599073244,1.4448229659580873
341,0.74,-0.00427704283721443,0.7442770428372144,0.6375992600255436
342,-0.68,-1.5022013690268397,0.8222013690268396,1.6320508907904527
343,-3.5860000000000003,-3.3584597021759945,0.22754029782400575,2.1784948818085352
344,-6.005,-2.6914607006998117,3.313539299300188,1.8140348959113342
345,-3.39,-2.1489256610388607,1.2410743389611394,1.4874750891955197
346,-2.696,-2.3621036095548122,0.33389639044518793,1.3297090164483794
347,-4.1,-3.604869892867497,0.4951301071325025,0.7813865042172482
348,-1.6,-1.8714272673387573,0.2714272673387572,1.4006518117640372
349,-0.66,-0.9954688169518591,0.33546881695185904,0.6375992600255436
350,0.43,-1.2694490288180613,1.6994490288180613,1.2550542376596099
351,-3.77,-3.81143670810824,0.04143670810824007,2.1679152380970312
352,-1.9,-1.5832233783299787,0.3167766216700212,0.9574674060371001
353,-4.43,-2.5193401637462465,1.9106598362537532,2.211057740444816
354,-3.37,-1.8197987711992443,1.5502012288007558,1.1045044277562022
355,-2.39,-2.4993710314939985,0.1093710314939984,1.8710050178565139
356,0.32,-0.3858073013985743,0.7058073013985743,0.6375992600255436
357,-3.924,-3.2034293448465987,0.7205706551534012,1.975562399375059
358,-6.57,-3.7621046298030523,2.807895370196948,2.477385397507367
359,-1.87,-2.1777597000743105,0.3077597000743104,0.6375992600255436
360,-4.328,-3.575259154139041,0.7527408458609592,2.3777200311184195
361,-1.78,-1.7336925970519836,0.046307402948016385,1.2696514870131446
362,-3.26,-2.451269595753536,0.8087304042464636,2.419670538614103
363,-2.59,-2.0775722900100937,0.5124277099899062,0.6946926906124901
364,-3.09,-2.872215572439356,0.21778442756064376,1.6219612539896544
365,1.1,-0.11912218971384558,1.2191221897138456,0.7792580466862056
366,-2.92,-2.8706987474088725,0.04930125259112739,1.9429816653920315
367,-0.14,-0.4708189383409656,0.3308189383409656,0.6375992600255436
368,-2.55,-2.7038426319714244,0.15384263197142456,1.7800774140743494
369,-4.77,-4.019329625736107,0.7506703742638923,2.326275084550412
370,-1.877,-1.805542274117101,0.071457725882899,1.0825709435062976
371,-1.8,-2.265310887375759,0.465310887375759,1.5837209371805276
372,-3.01,-2.5850422163268787,0.4249577836731211,1.5636627650601678
373,-3.78,-3.6339611501790694,0.1460388498209304,2.264806862328054
374,-0.985,-1.4577453190981258,0.4727453190981258,1.8998778065467452
375,-4.19,-3.028667651669704,1.1613323483302964,2.6656939040337786
376,-1.3,-2.784072600583361,1.4840726005833609,2.2221391306013643
377,-1.92,-0.8807293910173681,1.0392706089826318,0.6375992600255436
378,-3.0,-3.1962133582159526,0.19621335821595265,2.0530008388620034
379,-2.404,-3.1623967276995226,0.7583967276995227,2.1116967702500804
380,-2.35,-2.2237875339035327,0.1262124660964674,0.6375992600255436
381,-1.84,-1.4526409870571382,0.3873590129428619,1.4129435571359548
382,-5.47,-2.9849544241388806,2.485045575861119,1.8635912061822317
383,-2.478,-1.917082676578571,0.5609173234214293,1.1939488035432566
384,-4.44,-4.584592568709914,0.14459256870991322,0.7937824834101944
385,-1.21,-1.2350182610045912,0.025018261004591258,1.576448399839145
386,-0.36,-1.13734232353749,0.77734232353749,0.9598991377574138
387,-1.803,-1.918477353313299,0.11547735331329911,1.6924966347881403
388,-0.8,-0.8093814536362135,0.009381453636213455,0.6375992600255436
389,-4.73,-3.066071578065411,1.6639284219345893,1.8086054809474639
390,-6.96,-4.024026760302171,2.9359732396978293,2.281525378582655
391,-3.2,-2.6460552275046365,0.5539447724953637,1.5575465795522854
392,-2.36,-2.5392588690326785,0.17925886903267862,1.768119995745939
393,-2.74,-2.546786677254949,0.1932133227450512,0.8301586504975386
394,-3.35,-2.9610295884877313,0.38897041151226874,1.779829001511056
395,-0.83,-1.09111582814656,0.2611158281465601,0.7666686996020426
396,-3.33,-2.3425680827795756,0.9874319172204244,1.3337450537688869
397,-6.39,-3.285065530077008,3.1049344699229917,2.114079178874137
398,-4.873,-2.4320787675387607,2.4409212324612395,1.4968139177324524
399,-2.54,-0.8617692687821099,1.6782307312178901,0.9006481153435079
400,-3.14,-2.2691257234394135,0.8708742765605866,1.336939912386085
401,-3.81,-2.036100234588072,1.7738997654119282,1.2757954880845686
402,-4.28,-4.264355561193004,0.015644438806996064,2.5217881907573205
403,-0.89,-0.9416179576845376,0.051617957684537585,0.6375992600255436
404,-2.23,-1.7935728436301979,0.4364271563698021,1.0696604254868465
405,-4.63,-3.9578455295970647,0.6721544704029352,2.422706505536028
406,-0.95,-1.6448864208072298,0.6948864208072298,1.4622768006834184
407,-3.483,-2.784169499021233,0.698830500978767,1.8799909496771978
408,-3.592,-3.0872368474714946,0.5047631525285055,1.9686300148593379
409,-0.88,-1.0700335510197037,0.19003355101970365,0.6375992600255436
410,-2.154,-2.5501968377963555,0.3961968377963556,2.1139425003450625
411,-3.36,-2.1083652901575904,1.2516347098424094,1.429503079300093
412,-2.36,-1.7714770810007412,0.5885229189992587,1.1460521181645602
413,-0.74,-1.622542679479658,0.882542679479658,1.7384683234612388
414,-6.307,-4.363577089880108,1.9434229101198923,2.5088502873500156
415,0.49,-0.4143655588928655,0.9043655588928655,1.1112604333795395
416,-1.96,-1.8622426769623188,0.09775732303768114,1.2137008005909542
417,-7.28,-3.8916829883902793,3.388317011609721,2.600299284407706
418,-3.81,-2.8611487727068274,0.9488512272931726,1.6736872971028764
419,-3.0,-2.5797139935191082,0.42028600648089176,1.6633053458797054
420,-4.42,-3.6791611714035524,0.7408388285964476,2.1062854981620975
421,-4.4110000000000005,-2.383445831524767,2.0275541684752336,1.9045510831250276
422,-5.4,-3.481475631995159,1.9185243680048414,2.0922806252531387
423,-4.5,-3.151885134829393,1.348114865170607,1.7841624199741917
424,-3.952,-3.541664654657379,0.41033534534262106,2.2898314556036485
425,-2.356,-2.097243524446131,0.2587564755538687,1.247057684343618
426,-2.08,-2.285156764134171,0.20515676413417072,1.537639914327483
427,-1.77,-1.1692995385420208,0.6007004614579792,0.8876728190195086
428,-3.083,-2.241314922841944,0.8416850771580564,1.7550595250540657
429,-5.259,-4.316314471212419,0.9426855287875817,2.498447892317451
430,-4.86,-2.5215284193115144,2.338471580688486,1.6230369542800964
431,-3.1,-2.8281664381319436,0.2718335618680565,0.6375992600255436
432,-7.278,-4.307615548422735,2.9703844515772646,2.620080546407254
433,-2.86,-3.292076671894315,0.4320766718943152,2.202085619090342
434,-5.24,-3.909251845091208,1.3307481549087923,2.609206694719102
435,-2.39,-3.4182370899154577,1.0282370899154576,1.2800761826804807
436,-1.34,-1.7260821706417022,0.38608217064170214,1.1632300483784803
437,-1.06,-1.00110300381453,0.05889699618546995,0.6375992600255436
438,-2.51,-2.2568743764774206,0.25312562352257917,1.302309609483177
439,-1.32,-0.9131565488823931,0.406843451117607,0.6375992600255436
440,-2.37,-1.8711019014404626,0.4988980985595375,1.3261717265271353
441,-0.244,-0.6614565412707845,0.41745654127078446,1.1694254251683054
442,-2.86,-3.041979993489186,0.18197999348918614,1.7468356401365663
443,-2.38,-2.7308776318309516,0.35087763183095166,1.9089831757506757
444,-5.05,-4.635484908168249,0.41451509183175084,0.7077253680605293
445,-4.56,-2.361054677075277,2.1989453229247227,1.7861483739672142
446,-0.36,-0.8543609587900496,0.4943609587900496,0.741915212223686
447,-4.64,-4.221042850926475,0.4189571490735249,2.8518826514007336
448,-1.6,-1.5290071236517744,0.07099287634822571,0.9619608711187506
449,-4.571000000000001,-3.2756187262865266,1.295381273713474,1.9386278719789531
450,-7.2,-4.154637257393285,3.0453627426067156,2.5908258735375784
451,-5.184,-3.8920758508782773,1.2919241491217228,2.200139314325113
452,-3.93,-3.727401230886477,0.20259876911352315,2.2262457940685105
453,-4.749,-2.768646857194926,1.9803531428050736,1.7068304664147245
454,-0.89,-0.9174442868162342,0.02744428681623423,0.6375992600255436
455,-4.74,-3.084877082920115,1.6551229170798853,1.7672548156193928
456,-4.735,-2.2726424006238615,2.462357599376139,1.296621987783492
457,-1.25,-2.474359778733089,1.2243597787330889,2.1621285940077555
458,-8.017000000000001,-4.088791609828993,3.928208390171008,2.4892803910899537
459,-1.16,-2.220905761500104,1.060905761500104,1.4815927767128125
460,-0.6,-1.5811951562251958,0.9811951562251958,1.4158848448518957
461,-3.03,-2.535856737270485,0.4941432627295148,1.5884186127173028
462,-2.0,-1.9221336444478478,0.07786635555215216,1.545293865151713
463,-0.29,-0.5148953806003773,0.22489538060037734,0.6375992600255436
464,-4.15,-3.3625517610328686,0.7874482389671318,1.885045142703985
465,-2.322,-1.9039585844169338,0.4180414155830663,1.1418257535159848
466,-3.54,-3.302462112044167,0.23753788795583297,2.0002188625763893
467,-0.78,-1.7684782339557752,0.9884782339557752,1.1589635384962027
468,-2.8,-1.959916884114979,0.8400831158850208,1.1125102133893061
469,-1.29,-1.8741683365921478,0.5841683365921477,1.5745485171552691
470,-0.18,-0.31887791555543143,0.13887791555543144,0.6375992600255436
471,-2.55,-1.9162266857598822,0.6337733142401176,1.1950392642802206
472,-4.69,-3.57186975926478,1.1181302407352205,0.6375992600255436
473,-4.31,-3.3734528004718216,0.936547199528178,1.9433473935244583
474,-2.43,-1.9494021385672062,0.4805978614327939,1.2267872852852264
475,-1.6,-1.3459160412363722,0.2540839587636279,0.7523660383266527
476,-1.95,-1.3171654751560704,0.6328345248439295,1.0139545598795516
477,-3.81,-4.212965819719149,0.402965819719149,1.1555905007035319
478,-3.74,-2.543255040366796,1.1967449596332043,1.4682231686751177
479,-7.321000000000001,-3.848225878943061,3.47277412105694,2.3084657571122187
480,-2.73,-2.759035471999215,0.02903547199921519,2.2111013803623334
481,-2.19,-2.2673064022341016,0.07730640223410168,1.4149182589029854
482,-8.003,-5.89855984724948,2.10444015275052,3.632776331868552
483,0.522,-0.728431920770934,1.250431920770934,0.7924037446551856
484,-1.91,-1.7143522008324124,0.19564779916758757,1.0298042540762131
485,-0.22,-1.1899423321953084,0.9699423321953085,1.1158615481621885
486,-5.233,-3.256498592484371,1.9765014075156286,1.9151329923828588
487,-0.4,-1.2785174385932057,0.8785174385932056,1.4400785833249106
488,-2.84,-3.75956269324668,0.91956269324668,2.1811159075580955
489,-1.09,-1.6786654042391327,0.5886654042391326,1.347403568442985
490,-1.59,-1.7371092445480927,0.1471092445480926,0.9964155477244766
491,-4.74,-2.7416923273430394,1.9983076726569609,1.788771240233052
492,-2.89,-2.3920389589829893,0.4979610410170108,1.4840440934721293
493,-3.796,-3.9388628282815974,0.14286282828159758,3.002183351272151
494,-1.94,-1.3003165087413717,0.6396834912586282,0.6771168351775454
495,-1.989,-2.5581190201419175,0.5691190201419174,1.6034487745445212
496,-4.22,-2.5265672536685413,1.6934327463314585,1.456736614348396
497,-8.49,-5.757209620996587,2.732790379003413,3.3190273975729205
498,-5.666,-3.659148057285018,2.0068519427149822,2.478000524743721
499,-4.63,-3.3042105445324452,1.3257894554675547,1.8702339856201946
500,-6.34,-3.0952642346491834,3.2447357653508164,2.154312659248156
501,-4.07,-2.609038931180394,1.4609610688196062,1.6694731773258373
502,-2.82,-2.8932592748278374,0.07325927482783756,1.9765835340760753
503,-3.48,-1.5567544732331433,1.9232455267668567,1.4687031127493508
504,-2.56,-2.1256552054654625,0.43434479453453756,1.3094691716508975
505,-0.85,-0.5843567000157798,0.2656432999842202,0.6375992600255436
506,-1.24,-1.0833389863273668,0.1566610136726332,0.8048996624037363
507,-1.11,-1.0885790516280045,0.021420948371995596,0.8265510475728172
508,-1.6,-1.1679656372756426,0.43203436272435747,0.8896814343247702
509,-3.27,-3.600162825874744,0.33016282587474377,1.6699260109527878
510,-4.47,-2.844455673797333,1.6255443262026668,1.9612067753736588
511,-1.981,-2.3171784380413754,0.33617843804137526,1.4533591849508298
512,-2.42,-2.508507255465251,0.08850725546525107,1.4901487593110856
513,-1.11,-1.3659728846010315,0.2559728846010314,1.0249302522620283
514,-1.57,-1.9163303971404357,0.3463303971404357,1.1166850497582568
515,-2.15,-1.905418170113514,0.2445818298864859,1.338687968825447
516,0.26,-0.3437978049432261,0.6037978049432261,0.7026205084334053
517,-4.7,-2.9977633236662715,1.7022366763337287,1.985513210532944
518,-3.59,-2.1060182398684546,1.4839817601315453,1.4702299586604206
519,-2.18,-1.78700283929239,0.39299716070761015,1.1572553387901023
520,0.0,-0.8152813778199558,0.8152813778199558,1.0379308097508808
521,-4.11,-3.366459987626952,0.7435400123730482,2.3635350041587326
522,-4.48,-3.838537945213563,0.6414620547864374,2.2994006674065743
523,-0.1,-1.3635458633087847,1.2635458633087846,1.0239928107670688
524,-0.51,-0.8639096009961028,0.3539096009961028,0.7572523818164315
525,-1.63,-2.0810082627021957,0.45100826270219585,1.3228806296342073
526,-2.33,-1.4030817718917274,0.9269182281082726,0.7970963983011031
527,-1.19,-1.6304351647297728,0.44043516472977284,1.4421703768093168
528,-2.4,-1.6796150923576991,0.7203849076423008,1.0757081429233986
529,-4.71,-3.6321482668453022,1.0778517331546977,2.195733225245576
530,-3.672,-2.1669802066210417,1.5050197933789584,1.5927185097518477
531,-5.0,-3.3177335622309423,1.6822664377690577,1.9424946116857869
532,-3.85,-2.70325883550663,1.14674116449337,1.2235619602490153
533,-1.99,-2.5998953959007594,0.6098953959007594,1.704426091813123
534,-1.827,-1.7052027426951042,0.12179725730489577,1.5582364799356998
535,0.11,-0.9086254460936845,1.0186254460936846,0.8692918734610929
536,-3.09,-1.866733871939514,1.223266128060486,2.4903877360788225
537,-0.85,-0.9098852140997312,0.05988521409973124,0.7863974191588161
538,-2.29,-1.5737304980592304,0.7162695019407697,0.9408160226456761
539,-3.04,-2.2065787715465777,0.8334212284534224,1.3755519626904962
540,0.62,-0.45750393263868405,1.0775039326386842,0.8874311190636587
541,-3.817,-3.1023403813158437,0.7146596186841565,1.791665301629701
542,-0.29,-0.3699496194286121,0.07994961942861212,0.713830973703717
543,-2.85,-2.1054050518340874,0.7445949481659127,1.2783389558702702
544,-1.19,-2.116275806924304,0.9262758069243042,1.7299030795106407
545,-2.77,-2.8893098780468454,0.11930987804684534,1.8860314801533373
546,-0.624,-2.021997161257432,1.397997161257432,1.384432337087887
547,-6.57,-3.858640739392867,2.7113592606071335,2.532364678356993
548,-4.92,-2.6392382155547667,2.2807617844452333,2.176720281642494
549,-4.0,-2.5400651896209823,1.4599348103790177,1.636227393265721
550,-0.71,-1.0634433030982402,0.35344330309824024,0.7674054549176553
551,-0.12,-1.1266095418991997,1.0066095418991998,0.9562152701596411
552,-5.507000000000001,-3.970679491437457,1.5363205085625435,2.287458266531352
553,-2.96,-2.1478967064318826,0.8121032935681174,1.0589276331888287
554,-4.4,-4.351717885762427,0.04828211423757356,2.634223087697076
555,-4.081,-3.2962397223232442,0.7847602776767562,1.9919231457583637
556,-2.51,-2.4133392166085192,0.09666078339148054,1.6038622894501937
557,-6.144,-3.899060747178306,2.2449392528216943,2.285745354714867
558,-4.38,-2.8470619418836938,1.5329380581163061,2.1748772192925676
559,-7.8,-4.405077538224503,3.394922461775497,2.621470722097323
560,-8.01,-4.3307257152806695,3.6792742847193303,2.6118174632478923
561,-3.893,-3.1208247002464593,0.7721752997535405,2.0611276643481187
562,-1.93,-1.9722124892246058,0.042212489224605854,1.1760046006265694
563,-1.66,-2.1164576474962478,0.45645764749624784,1.4708013065101282
564,-3.39,-3.3148760809281903,0.07512391907180982,0.6375992600255436
565,-2.42,-1.7219616035537944,0.6980383964462056,1.039583712893732
566,-0.77,-0.6425056368396238,0.1274943631603762,0.6375992600255436
567,-5.56,-4.299930422422124,1.2600695775778759,2.495115812419449
568,-2.7,-1.8302752077273154,0.8697247922726847,1.1864544107259603
569,-3.73,-3.48787290712004,0.24212709287996015,0.6375992600255436
570,-3.028,-2.6279350586399834,0.4000649413600166,1.5893874329294753
571,-2.39,-1.9575354022062748,0.43246459779372537,1.2417335967324663
572,-1.52,-2.2965461208208,0.7765461208207998,1.8796044466041475
573,-2.78,-2.628044164232609,0.1519558357673909,2.139688455936774
574,-3.53,-2.4005610175064453,1.1294389824935545,1.4777012629115618
575,-1.37,-0.8248093976600556,0.5451906023399445,0.6375992600255436
576,-3.18,-2.773627220070161,0.4063727799298391,1.5757384265151546
577,-1.54,-1.3412827885052456,0.1987172114947544,0.7589164537992763
578,-3.48,-2.8896696512241062,0.5903303487758937,1.6398264867782346
579,-7.11,-3.080593476718127,4.029406523281873,2.602839259381258
580,-0.96,-1.0596116877515065,0.09961168775150653,1.1618310704349755
581,-0.79,-1.1389342868508276,0.3489342868508276,0.6375992600255436
582,-3.8,-2.7641378173464166,1.0358621826535832,1.5614497154810627
583,-5.839,-3.4432685271286125,2.395731472871388,2.0548712417518185
584,-4.29,-4.613045540780173,0.3230455407801731,3.0029800180389152
585,-1.4580000000000002,-1.7191772952064839,0.2611772952064837,1.416931520037771
586,-7.92,-3.888811748462392,4.031188251537608,2.7488367243010337
587,-4.21,-3.059256652699122,1.1507433473008781,1.8938176262624817
588,-3.685,-2.6330897411868817,1.0519102588131184,1.8992903971521433
589,-2.7,-2.236811959433029,0.46318804056697127,1.4889715338113159
590,-1.55,-2.7734102463200636,1.2234102463200636,1.9468064300145875
591,-6.291,-4.586030540569761,1.7049694594302398,2.6442953663311646
592,-4.16,-1.7973462603398027,2.3626537396601974,1.6984718884661578
593,-4.907,-3.0357040859890043,1.8712959140109957,1.9804065125412695
594,-2.64,-2.4867504403038687,0.1532495596961314,0.6375992600255436
595,-2.21,-1.5080231886226942,0.7019768113773057,1.5134947046963934
596,-2.92,-2.683069417212802,0.23693058278719814,1.8191619011564315
597,-2.93,-2.977006962401469,0.047006962401468844,1.7411748802254776
598,-2.73,-1.7144714378407937,1.0155285621592063,0.9750984530210435
599,1.02,-0.6158109101411835,1.6358109101411835,0.6375992600255436
600,-1.36,-0.41937048115394954,0.9406295188460505,0.7687431003199778
601,-3.05,-3.0229772436309066,0.027022756369093237,1.7963976785496725
602,-3.18,-2.945699590607836,0.23430040939216434,2.263433153715966
603,-11.6,-3.787205484252457,7.812794515747543,2.4654891288187426
604,-3.664,-3.3587535412472507,0.30524645875274947,2.375694664496546
605,1.58,0.062349263798725206,1.5176507362012748,0.6375992600255436
606,-3.7,-3.5576031910975248,0.1423968089024754,2.187781824045119
607,-3.57,-3.324648510277632,0.24535148972236787,1.951697076765382
608,-0.62,-0.913649370969296,0.293649370969296,0.6781748420945257
609,-1.36,-1.053388457205267,0.3066115427947331,0.6375992600255436
610,-3.03,-2.2619843520941068,0.768015647905893,1.4499958063425447
611,-5.26,-4.347521726953987,0.9124782730460126,1.940028365479294
612,0.38,-1.5744125863590568,1.954412586359057,1.2360908960277917
613,-3.01,-3.613121717174517,0.6031217171745173,0.7613279530773188
614,-1.17,-1.189394802528572,0.019394802528572175,0.7363384590920886
615,-3.59,-3.0378378044670633,0.5521621955329366,1.737637880989413
616,-4.89,-3.202735585696473,1.6872644143035265,1.614239213748211
617,-3.68,-2.338935942044313,1.3410640579556872,1.6523387642062555
618,-2.22,-0.7082161247707737,1.5117838752292265,0.6375992600255436
619,-2.19,-2.218185128992803,0.028185128992803232,1.4321487320616717
620,-2.03,-2.0474694060060736,0.01746940600607383,1.2988045901127838
621,-4.19,-1.8296966473860798,2.3603033526139203,1.8829086285694292
622,-4.445,-3.4362187075662027,1.0087812924337975,2.0600311328012424
623,-6.2,-4.742701101705437,1.457298898294563,2.6899010420153973
624,-3.955,-3.817992471011661,0.137007528988339,2.1729302085520312
625,-4.706,-3.6228524306674452,1.0831475693325552,2.0805528828926336
626,-0.59,-1.4119980391371498,0.8219980391371499,1.4181847997236665
627,-3.796,-3.170634326519919,0.625365673480081,1.8328765394367348
628,-1.46,-1.0499236112621821,0.4100763887378178,0.6375992600255436
629,-2.67,-4.098377574942845,1.4283775749428447,3.031509755261388
630,-1.34,-1.6527420314687156,0.3127420314687155,0.7074960746115585
631,-0.41,-1.1229503653445565,0.7129503653445566,1.4383762457456504
632,-4.678999999999999,-2.9334693335935773,1.745530666406422,1.8866429382507446
633,-2.63,-2.848339390537917,0.21833939053791696,1.8560399702039754
634,-3.96,-4.202366462730841,0.24236646273084084,2.4768113434997217
635,-1.28,-1.8060954818275075,0.5260954818275074,1.0535887232751702
636,-2.084,-2.0269795213623665,0.0570204786376336,1.3409544849850743
637,-8.699,-7.072459261327948,1.6265407386720518,4.589241369529662
638,-1.09,-1.3738944923116754,0.2838944923116753,0.6375992600255436
639,-1.99,-1.4611837768096554,0.5288162231903446,0.9526825994990966
640,-5.292999999999999,-3.373698106695236,1.9193018933047634,1.9570715577067386
641,-2.73,-1.5654796195898917,1.1645203804101083,0.9433430031704445
642,-2.42,-1.3317939916147017,1.0882060083852982,1.0759858260963644
643,-4.37,-2.567327735243808,1.802672264756192,1.4098384945117295
644,-2.9,-2.9037827059086236,0.003782705908623729,1.7467021509745178
645,-5.6,-2.5356001983036434,3.0643998016963563,1.8293079185150913
646,-5.72,-3.8862358220765403,1.8337641779234595,2.460854804299467
647,-2.436,-1.763241955280024,0.6727580447199759,1.1088153819856832
648,-1.56,-2.3235062132500426,0.7635062132500425,1.5363475225656178
649,-1.7080000000000002,-1.6209068488706382,0.087093151129362,0.9409300748035064
650,-6.176,-4.96052605245094,1.21547394754906,2.946794804800625
651,-0.43,-1.6492116846868452,1.2192116846868453,1.6887002345351665
652,-2.338,-2.931046561041247,0.593046561041247,1.75544106264984
653,-0.42,-1.1559327442291756,0.7359327442291757,1.2626192894868975
654,-5.82,-4.082002162540254,1.737997837459746,2.355994377769476
655,-4.402,-3.4324769834920934,0.9695230165079067,1.9250928756111596
656,-4.047,-3.9883651065984997,0.058634893401499966,3.0062181973139137
657,-1.3,-1.6816122023489324,0.38161220234893234,1.3425031759885275
658,-1.24,-2.1346087074197975,0.8946087074197975,1.3780457415233593
659,-1.8,-2.1316793359712767,0.33167933597127663,1.2540425867328755
660,-2.8310000000000004,-1.8281549660339578,1.0028450339660426,1.359224636361321
661,-7.92,-4.287425962510168,3.6325740374898317,2.5570975389295616
662,-1.25,-1.114739862455738,0.13526013754426192,0.6557706124267518
663,-1.62,-1.1274251083554332,0.4925748916445669,0.7716429832429195
664,-2.67,-2.3585318571947997,0.3114681428052002,1.5589214984850552
665,-3.63,-3.2692728346512467,0.36072716534875315,2.283216339961695
666,-3.65,-2.0708963490095877,1.5791036509904122,1.5074074563363178
667,-1.94,-1.365338630555589,0.5746613694444109,0.9096572209961905
668,-7.68,-5.205631996077635,2.474368003922365,3.322105996016271
669,-1.155,-1.4326384440267257,0.27763844402672566,1.2406967688081247
670,-3.04,-1.9782969511732869,1.0617030488267132,1.2282534082196404
671,0.28,-0.5406731465662298,0.8206731465662298,0.6375992600255436
672,-6.51,-4.171091026940824,2.3389089730591754,2.617163824330049
673,-1.96,-2.155996418605011,0.19599641860501116,1.4895019356521626
674,-4.12,-3.172879511947547,0.9471204880524531,1.8980825274744342
675,-4.8,-3.383043994980209,1.4169560050197907,2.1154485668585283
676,-9.018,-6.746462340232751,2.27153765976725,3.845340276731322
677,-3.38,-2.8130464779320294,0.5669535220679705,1.6548008223640953
678,-1.899,-1.303142202244222,0.595857797755778,1.6673387225977179
679,1.12,0.29053516812016916,0.829464831879831,0.6937471569001146
680,-1.96,-1.4114740858318484,0.5485259141681516,1.5270153407181126
681,-5.67,-4.436805448441176,1.2331945515588236,2.5638157120277127
682,-5.89,-4.119199876674368,1.7708001233256319,2.3967907867214397
683,0.715,-2.26465911593245,2.9796591159324497,1.4212135822475307
684,-0.99,-1.0362765124018511,0.046276512401851155,0.6375992600255436
685,-0.8540000000000001,-1.1883118022846806,0.3343118022846805,1.017577342067515
686,-4.55,-2.4189148010884547,2.131085198911545,1.7903996787189365
687,1.11,-0.057059832905870064,1.1670598329058701,0.7516360614680572
688,-2.676,-1.5576484348551032,1.118351565144897,0.8710996617014524
689,-0.4,-0.8821798157981929,0.4821798157981929,0.6375992600255436
690,-0.5,-1.2905555555320176,0.7905555555320176,1.1789582770896878
691,-1.614,-1.720792415068899,0.1067924150688988,0.9911322809188319
692,-2.67,-3.372589074988121,0.7025890749881212,2.306769044244307
693,-1.85,-1.9662235011836215,0.11622350118362146,1.9049311672630507
694,-4.53,-3.5241114595016176,1.0058885404983826,2.079283546767358
695,-3.85,-2.7964880952419735,1.0535119047580266,1.566211750054137
696,-4.16,-2.9387328485090682,1.221267151490932,1.8206672850838268
697,-3.11,-2.3417139153990107,0.7682860846009891,1.6749303018596668
698,-2.24,-1.695215764578474,0.5447842354215262,1.2153498536946448
699,-2.29,-2.6952841936185665,0.4052841936185665,1.787645772274002
700,-5.54,-3.3619684299929937,2.1780315700070063,2.1638116283182445
701,-2.21,-1.8090193410895072,0.4009806589104927,1.049925566322482
702,-4.21,-3.2987799164434355,0.9112200835565645,1.8843983336145638
703,-1.22,-1.4458880618417707,0.22588806184177068,0.8220660850445665
704,-1.66,-2.140268953516909,0.4802689535169089,2.1623545803833637
705,-1.52,-1.656747640491187,0.13674764049118693,1.5310454329218712
706,-0.82,-1.2053515103951877,0.3853515103951878,0.9201651834493411
707,-2.928,-2.834054601349472,0.09394539865052787,2.277871987394867
708,-3.1710000000000003,-2.5162650488747005,0.6547349511252998,1.642543655945232
709,-3.66,-2.7907406316920538,0.8692593683079464,1.6799503981265649
710,-3.27,-2.0363162816742806,1.2336837183257194,1.8831770608974556
711,-4.37,-3.435310149464365,0.9346898505356349,2.0183288179100223
712,-0.39,-0.7639738433418752,0.3739738433418752,0.6375992600255436
713,-0.55,-0.7459224827553178,0.19592248275531776,0.6375992600255436
714,-2.55,-2.2685056493736546,0.2814943506263452,1.4337223041092322
715,-2.35,-1.8869308681680486,0.46306913183195153,1.6315618828851663
716,-5.071000000000001,-3.800618645636952,1.2703813543630487,2.7028010822574893
717,-5.37,-4.028627902021874,1.3413720979781258,2.319478169541326
718,-9.332,-4.866744368502622,4.465255631497379,3.399595236634132
719,-2.266,-2.373749386185998,0.10774938618599794,1.7593843099761575
720,-1.75,-1.1194829308340173,0.6305170691659827,0.6375992600255436
721,-2.98,-2.189455442414064,0.7905445575859358,1.3968842399310746
722,-3.14,-2.295130039701695,0.844869960298305,1.1647254241622886
723,-4.871,-2.929261702994416,1.9417382970055845,1.8035654093364735
724,-2.61,-1.9118693141905279,0.698130685809472,1.1624011010894666
725,-4.38,-3.6575032459824213,0.7224967540175786,2.21004680199359
726,-1.85,-2.01288136903702,0.1628813690370201,1.6495163743068313
727,-0.807,-1.601739518731484,0.794739518731484,1.543453768203175
728,-3.73,-2.5900890444836375,1.1399109555163625,1.5994155347700254
729,-6.47,-4.0405441621988345,2.4294558378011653,2.473902070788509
730,-3.29,-3.021769365297593,0.26823063470240704,2.0375673311490368
731,-3.8,-3.066240654675362,0.7337593453246378,1.95296870417919
732,-2.1,-1.9318362161624982,0.16816378383750186,0.8584106087205922
733,-1.99,-1.7789166525885967,0.21108334741140333,1.3416084512884354
734,-5.88,-5.350434009730282,0.5295659902697176,0.6375992600255436
735,-1.06,-2.1988239480246565,1.1388239480246565,1.7520741918336777
736,-6.59,-5.960744850614825,0.629255149385175,3.4366983422239556
737,-2.33,-2.423827794000718,0.09382779400071772,2.0536573692518614
738,-3.0,-2.275996933949638,0.7240030660503618,1.539755235217112
739,-2.484,-2.289503364111529,0.19449663588847077,1.8169514987646909
740,-3.499,-3.266410481191919,0.23258951880808132,1.8348742578450492
741,-1.74,-1.6073995645272412,0.1326004354727588,1.2429064337654072
742,-2.617,-3.5845185946529767,0.9675185946529767,2.43061758417434
743,-5.08,-3.382902885818479,1.697097114181521,1.9669647329710678
744,-8.176,-4.350388124989556,3.825611875010444,2.604560656524605
745,-3.5380000000000003,-2.4376228027645657,1.1003771972354346,1.463657491001286
746,-3.754,-4.228072449723757,0.47407244972375695,3.257274929876709
747,-0.7,-0.8883041463748464,0.1883041463748465,0.6375992600255436
748,-2.3,-3.5042082215564085,1.2042082215564087,2.285786538901375
749,-2.32,-1.6374859446304715,0.6825140553695284,0.9854608848224577
750,-4.02,-3.5654605394583863,0.4545394605416133,1.998538540473425
751,-4.53,-4.659188555573526,0.12918855557352593,0.786524240538126
752,-2.22,-3.126729129294218,0.9067291292942179,2.1772281591655487
753,-4.3,-2.472540386736431,1.827459613263569,1.8216273137457202
754,-3.638,-2.5889731330565198,1.0490268669434801,1.4769269007762857
755,-7.85,-5.822569556136889,2.0274304438631106,3.3225506617839335
756,-5.27,-3.755155163428993,1.5148448365710068,2.1879275368272966
757,-1.45,-1.7066259621419957,0.25662596214199573,0.6375992600255436
758,0.54,-0.753666873798796,1.293666873798796,0.7881760566884781
759,-5.14,-3.206922021181918,1.9330779788180816,2.5386142568829984
760,-2.932,-1.835114529958061,1.096885470041939,1.3175430098735639
761,-2.68,-2.987258569109989,0.30725856910998894,1.8687374567982844
762,-2.56,-1.0348878820792395,1.5251121179207605,1.1319472359026383
763,-3.31,-2.7731938294146463,0.5368061705853537,1.617188031286506
764,-2.21,-3.244267401263167,1.034267401263167,2.1820874689858822
765,-2.78,-3.594986381913504,0.8149863819135041,2.2070985068660995
766,-0.98,-0.6528891470998668,0.3271108529001332,0.8146339663510133
767,-5.24,-4.891119646475548,0.3488803535244518,0.6889745622785994
768,-6.35,-3.2814847846688133,3.0685152153311863,2.0391235036676374
769,0.07,-1.6360073091908227,1.7060073091908228,1.6915874456152598
770,0.58,-0.17971860996562858,0.7597186099656286,0.6375992600255436
771,-4.15,-3.2794033311559287,0.8705966688440716,0.8884384491144267
772,-2.077,-1.6868280888258211,0.3901719111741788,0.9611933207906269
773,-1.17,-1.284515893873939,0.11451589387393901,0.7849582914513046
774,-2.273,-1.4498884160277092,0.8231115839722909,1.5224778300310648
775,-5.915,-4.229374035066619,1.6856259649333811,2.504665327536809
776,-3.27,-2.283013401597906,0.986986598402094,1.2906344257712024
777,-2.13,-2.3298902307701757,0.19989023077017576,1.6195596182020748
778,-3.0210000000000004,-3.431846634295071,0.4108466342950705,2.0231016250596885
779,-2.658,-1.8597787279238935,0.7982212720761064,1.0480222833622561
780,-8.0,-6.586634001248723,1.413365998751277,3.9643502977201757
781,-1.52,-0.8260942190694756,0.6939057809305245,0.6379880834488078
782,-1.62,-1.1342656871705645,0.4857343128294356,0.6395013535694654
783,-5.84,-5.1983279192928595,0.6416720807071403,0.6375992600255436
784,-2.64,-3.6964441893240734,1.0564441893240732,2.56140304941591
785,0.96,-0.39077422118032384,1.3507742211803238,0.6375992600255436
786,-1.64,-1.1930437355882417,0.4469562644117582,0.857651554831451
787,-3.54,-2.5959724204061536,0.9440275795938464,1.7450655813646307
788,-8.4,-5.193405698417046,3.206594301582954,1.6437122063156129
789,-1.33,-1.812705545820902,0.48270554582090197,1.4717393947779192
790,-2.7,-2.820180727759966,0.12018072775996602,1.7485449876954844
791,0.009,-1.2674868714424208,1.2764868714424207,0.7248630925042353
792,-5.46,-4.067289755161047,1.3927102448389528,2.3296270417980196
793,-1.52,-1.0031755072827,0.5168244927173,0.7629426210848615
794,-1.28,-1.804342680453449,0.524342680453449,1.4078757625906255
795,-5.4,-2.979650773078596,2.420349226921404,2.036276713967839
796,0.43,-1.385206325786449,1.815206325786449,1.0367156831169781
797,-1.85,-1.2862224497568877,0.5637775502431124,1.8723583171196185
798,-0.91,-1.4140007133183574,0.5040007133183574,1.0305000806030407
799,-5.64,-4.470455403985585,1.1695445960144149,2.5553289169222686
800,-0.62,-0.7423086523309632,0.12230865233096322,0.6828450211359455
801,-5.27,-2.8512433689162173,2.4187566310837822,1.7118908584272197
802,0.7,0.28439885263012005,0.4156011473698799,0.6375992600255436
803,-2.452,-2.189977902546535,0.26202209745346483,1.52733777176251
804,0.6509999999999999,-0.44899943177791235,1.0999994317779123,0.9557370888308923
805,0.3,-0.6577957893893672,0.9577957893893672,0.6375992600255436
806,-4.28,-2.69716286525441,1.5828371347455903,1.6260834771133907
807,-4.16,-2.7073901258885633,1.4526098741114368,1.652886602500389
808,-4.634,-2.998799689558686,1.6352003104413142,1.6844982765110992
809,-3.68,-3.20620471483772,0.47379528516228,1.8277743667679258
810,-0.03,-1.1234781219517798,1.0934781219517797,1.261353796596614
811,-3.01,-2.7222761586008213,0.2877238413991785,0.6375992600255436
812,-4.314,-2.6255244836503193,1.6884755163496807,1.522209505674801
813,-7.92,-5.462798552725344,2.457201447274656,3.1352015169345493
814,-2.32,-2.2644258481288024,0.05557415187119741,1.6176956882143025
815,-2.0,-1.7669259375865607,0.2330740624134393,1.0234331354239528
816,-4.3,-3.5817866035018975,0.7182133964981023,2.2047208996034624
817,-4.69,-3.9227975952321,0.7672024047679002,0.8132453695997042
818,-2.58,-1.8574416919784091,0.7225583080215909,1.1727517618092913
819,-8.6,-3.9125128185873677,4.6874871814126315,2.7985779422115313
820,-3.08,-3.083597478832566,0.0035974788325661144,0.6375992600255436
821,-3.82,-2.4204063207127047,1.3995936792872952,1.4612590935036829
822,-1.26,-1.4458880618417707,0.18588806184177065,0.8220660850445665
823,-6.08,-3.6657194114978884,2.4142805885021117,2.1103029814116563
824,-7.42,-4.373277559216812,3.0467224407831877,2.6048999755289315
825,-2.148,-1.8090193410895086,0.33898065891049156,1.0499255663224822
826,-2.0,-2.1003520859099303,0.10035208590993028,0.6375992600255436
827,-2.57,-2.942032358587349,0.37203235858734907,1.9089485073211703
828,-3.06,-2.001451350696826,1.058548649303174,1.0785913646893468
829,-0.85,-1.885741278296729,1.035741278296729,1.057340490534722
830,-3.19,-2.5152318595497998,0.6747681404502002,1.5779300854632783
831,-0.09,-0.3423317652585659,0.25233176525856593,0.6375992600255436
832,-4.376,-3.4458897669058404,0.93011023309416,1.9575907317537236
833,-5.53,-3.849515453951625,1.6804845460483753,2.599351660249491
834,-2.05,-1.9583782845480489,0.09162171545195097,1.2306528588574286
835,-1.64,-1.909703938572259,0.26970393857225905,0.9610308927925413
836,-4.03,-3.2034254028063613,0.8265745971936389,2.2992891616017617
837,-2.564,-2.9568271176622565,0.3928271176622564,1.9390227182715203
838,-2.48,-2.3486526315951965,0.13134736840480343,2.0287949667945413
839,-2.82,-2.222036165426373,0.5979638345736267,1.356176321671686
840,0.48,-0.4141593076743,0.8941593076743,0.6375992600255436
841,-2.8,-2.173409773855174,0.6265902261448257,1.4972795673764354
842,0.47,-0.35437043984494726,0.8243704398449472,0.6375992600255436
843,-0.17,-1.2628153060363652,1.0928153060363652,1.4760612523804495
844,-4.955,-2.8896720174825923,2.065327982517408,1.6336216717471284
845,-8.04,-5.3613766235019,2.6786233764980993,2.9963863511752833
846,-0.4,-0.48113761691947066,0.08113761691947063,0.7714950163590193
847,-2.59,-3.2093408185740615,0.6193408185740616,1.9846218908769335
848,-0.83,-1.4395901623034861,0.6095901623034862,0.9982995772908855
849,-5.382000000000001,-4.7082511660724204,0.6737488339275801,3.0429598402583347
850,-7.01,-6.1975001649472,0.8124998350528001,3.5871752467300198
851,-4.71,-3.879792029154816,0.8302079708451839,2.3717836488253567
852,-3.93,-1.0815752801872474,2.848424719812753,1.5368738178568908
853,-3.1,-4.171955560841172,1.0719555608411722,2.8863104978061895
854,-3.04,-2.9868945598419807,0.053105440158019324,2.0623277747006226
855,-7.15,-4.352776650838415,2.7972233491615857,2.716009247892087
856,-1.01,-0.7033400007805143,0.3066599992194857,0.6375992600255436
857,-2.39,-2.2698166852133417,0.12018331478665845,1.5237623736143684
858,-4.207,-3.9734824993213964,0.23351750067860344,2.6138321260786515
859,-3.84,-3.4237178378211808,0.4162821621788191,0.6375992600255436
860,-0.46,-1.1581399867809945,0.6981399867809945,0.6790967591989442
861,-3.59,-2.925939808183517,0.6640601918164828,1.728423987276824
862,-7.82,-4.977621314451263,2.842378685548737,2.965008532152076
863,-4.925,-3.1242946827929976,1.8007053172070022,1.7596705438424451
864,-3.15,-2.81731371673753,0.33268628326246974,1.8543180168516806
865,-6.726,-4.644234929591149,2.081765070408851,2.6351989586067823
866,-4.95,-2.25784569444006,2.6921543055599404,1.8701438934581172
867,-6.96,-4.305015944929723,2.654984055070277,2.484696805375802
868,0.51,-0.93519775296938,1.44519775296938,1.108137080017871
869,-2.28,-2.2247435620509632,0.05525643794903656,1.4796444819371772
870,-4.345,-2.4705949349700487,1.874405065029951,1.5784038110255159
871,-8.71,-3.8088906632894526,4.901109336710548,2.6908802473434754
872,-3.364,-1.4942439872397932,1.8697560127602066,0.9119243231507128
873,-0.92,-1.5837541463000258,0.6637541463000257,1.337383141099364
874,-3.168,-2.044126348639426,1.123873651360574,1.1490227771926451
875,0.64,-0.8781664475664279,1.5181664475664278,1.3084534558441172
876,-1.4,-1.481008279611315,0.08100827961131518,1.0843297026296772
877,-4.37,-3.2557899697533115,1.1142100302466886,1.9339385541068572
878,-2.843,-2.8676649431821106,0.024664943182110655,2.1227451820309438
879,-8.94,-4.25697769839466,4.683022301605339,2.5589184920317383
880,-3.55,-2.735405544347868,0.8145944556521316,1.5604478617651476
881,-1.28,-1.9696682023102245,0.6896682023102245,1.7901920882533477
882,-2.09,-1.4220027358617302,0.6679972641382697,0.8300001652687238
883,-4.88,-3.39392018252308,1.48607981747692,1.9349426374059593
884,-1.456,-3.1048083843782623,1.6488083843782624,2.383267736469319
885,-3.604,-3.55401541220251,0.04998458779749004,2.105772113138998
886,-0.7,-2.0866004199121493,1.3866004199121493,1.9446928572277697
887,-3.21,-3.0017407884743204,0.2082592115256796,2.0892999910045393
888,-3.05,-2.6483664681973544,0.4016335318026454,1.5962797524963503
889,-1.228,-1.4448435644730617,0.21684356447306175,0.886586145080574
890,-0.7,-1.685761392428348,0.9857613924283481,1.7732011520376993
891,-4.08,-2.56841043092236,1.51158956907764,1.8054034762272944
892,-1.98,-1.779117544343847,0.20088245565615304,1.033430803119273
893,-6.78,-4.351576304907302,2.4284236950926985,2.5486153577307977
894,-4.43,-2.6411127083266175,1.7888872916733822,1.7736689507424601
895,-1.11,-0.6612184641763312,0.44878153582366886,0.6375992600255436
896,-1.08,-1.1511245282632754,0.07112452826327531,0.73214325202405
897,-2.77,-2.547382134444172,0.22261786555582797,1.6021686529097077
898,-2.253,-1.5562197262178272,0.6967802737821729,0.9509919753705444
899,-6.317,-4.865502492890424,1.4514975071095764,2.7652704567187856
900,-2.647,-2.1243407337839364,0.5226592662160634,1.1978949975844349
901,-6.025,-4.00325087813461,2.0217491218653905,2.3339609179858356
902,-5.19,-2.954526733769435,2.2354732662305654,2.4689451730681995
903,-0.66,-0.40547918492291657,0.25452081507708346,0.6375992600255436
904,-4.1,-2.265887693348672,1.8341123066513276,1.4133789573246462
905,-3.9,-3.2951744576177284,0.6048255423822715,1.9952635461062451
906,-4.72,-4.118797292778434,0.6012027072215655,2.4345600124216897
907,-6.25,-3.341937540176988,2.908062459823012,2.472871141141307
908,-7.39,-4.998455633142536,2.391544366857464,3.067947619755627
909,-0.31,-0.8517002240605688,0.5417002240605688,1.4248171373108407
910,-2.0,-1.4693566783630798,0.5306433216369202,0.9894123623149392
911,-5.21,-3.0933892719693596,2.1166107280306403,2.156416032860333
912,-1.49,-1.6511774676998563,0.1611774676998563,1.494573053298651
913,-2.692,-2.401887881324364,0.29011211867563613,1.4542764522342144
914,-2.74,-3.138585787772205,0.398585787772205,0.6375992600255436
915,-1.03,-1.6265693856240078,0.5965693856240077,1.377877226800216
916,-2.16,-1.9640173130064629,0.19598268699353727,1.4761516593639978
917,-4.31,-3.064798422811297,1.2452015771887024,1.859073212949396
918,-3.583,-1.4191587215709576,2.1638412784290426,1.2599986962700305
919,0.46,-0.28919359421718405,0.7491935942171841,0.6375992600255436
920,-4.743,-3.442974047693977,1.3000259523060231,1.9265598619845161
921,-0.59,-1.1104863563835567,0.5204863563835568,1.0245727977772203
922,-3.931,-3.315371126976852,0.6156288730231481,2.9074227968949753
923,-1.85,-1.953903527891193,0.10390352789119284,1.0933949259527163
924,-4.8,-4.149834996939416,0.6501650030605841,0.6375992600255436
925,-3.36,-2.7821951322228093,0.5778048677771905,1.6261713717530597
926,-0.49,-0.7300577086083054,0.24005770860830544,0.7197266751064165
927,-0.972,-2.28921920882496,1.3172192088249601,2.6368713462296967
928,-3.84,-4.247212584462237,0.4072125844622372,2.612946363769146
929,-1.72,-1.5015689598526305,0.21843104014736947,0.9060160253699477
930,-5.23,-2.485041229811826,2.7449587701881746,2.0347881736977396
931,-2.22,-2.1487951557885343,0.07120484421146589,1.6094351086294771
932,0.02,-0.7459806080989683,0.7659806080989683,0.8989780967480899
933,-4.66,-3.358743012118372,1.301256987881628,1.907990997058588
934,-0.9,-0.9637973447912798,0.06379734479127974,0.6375992600255436
935,-1.04,-1.3868481903513064,0.3468481903513063,0.8404432708359497
936,-3.54,-3.229009546023317,0.31099045397668323,2.2078854437968705
937,-0.67,-0.8803785365390867,0.21037853653908667,0.7606094874541155
938,-3.401,-1.3826825103079758,2.018317489692024,1.0951687868706184
939,-4.445,-5.413775464521493,0.9687754645214923,4.077910333808667
940,0.26,-0.4358330395181696,0.6958330395181695,0.7941397643600655
941,-4.88,-3.046673881681585,1.833326118318415,2.070773460168399
942,-2.68,-1.5632176874790227,1.1167823125209775,1.0360819598871094
943,-1.52,-3.0465612531375803,1.5265612531375803,2.2198985389788475
944,-3.69,-3.1561416171631596,0.5338583828368404,1.7914854173413446
945,-3.23,-2.280785127385403,0.949214872614597,1.293440254338134
946,-3.79,-3.2346156909292128,0.5553843090707873,2.4052208237311654
947,-4.25,-3.3249692248279032,0.9250307751720968,1.9450377717329104
948,-2.58,-2.8414327825192003,0.2614327825192002,0.6375992600255436
949,-3.88,-3.085020987694425,0.7949790123055749,1.7767347896074075
950,-3.38,-3.4911533880489154,0.1111533880489155,2.2054433179220805
951,-4.114,-3.5716294593237463,0.5423705406762536,2.117626306227949
952,-3.224,-3.085146696979869,0.13885330302013132,1.946753684095902
953,0.29,-0.8002644290273808,1.0902644290273809,0.6375992600255436
954,0.38,-1.324833646918901,1.704833646918901,1.183817408611527
955,-2.06,-1.276247802413461,0.7837521975865391,1.2854681087054014
956,-2.518,-2.7477736039811083,0.22977360398110847,1.5400477589016397
957,-0.92,-1.679359070905711,0.7593590709057109,1.3492484565277152
958,-1.6,-1.3555140929688583,0.2444859070311418,0.7733012968098423
959,-2.46,-1.4475034879303355,1.0124965120696645,1.0494755545479155
960,-4.23,-3.640129859653888,0.5898701403461124,2.180925847386866
961,-5.284,-3.617167641285539,1.6668323587144607,2.106648553721354
962,-6.14,-3.447871947021818,2.6921280529781817,2.448859327449645
963,-6.02,-3.460815962958763,2.5591840370412364,2.0353442432250937
964,-4.46,-3.552162996245884,0.9078370037541159,2.143741069117235
965,-6.6370000000000005,-4.013074794966522,2.623925205033478,2.441736008527515
966,-3.24,-2.7626561269971632,0.477343873002837,1.5999207707102712
967,-3.4,-2.2372680372767553,1.1627319627232446,1.5004478964198245
968,-5.115,-4.11138822993502,1.00361177006498,2.4581517202006222
969,-6.35,-5.266955991278817,1.083044008721183,0.8902343921945564
970,-7.39,-3.6777265401657475,3.712273459834252,2.5926493063146547
971,-1.742,-1.3056155064043877,0.43638449359561227,0.7425262465581077
972,-2.09,-1.681042302207348,0.4089576977926519,0.9409696649195345
973,-3.1,-2.2781202117834134,0.8218797882165867,1.6391314220930475
974,-0.12,-0.6857574466896332,0.5657574466896332,0.6375992600255436
975,-8.4,-6.615047615169057,1.7849523848309437,1.0456948266630255
976,-1.74,-1.3032967989426396,0.4367032010573604,1.648960136736911
977,-2.07,-2.0281014231296717,0.041898576870328164,1.1599670650204403
978,-2.05,-2.533525572423364,0.483525572423364,0.6375992600255436
979,-3.38,-3.5914024454442894,0.21140244544428954,0.6375992600255436
980,-1.97,-1.4927266152228875,0.47727338477711245,1.397406730104559
981,-2.676,-2.1297989398577646,0.5462010601422356,1.3299097115517144
982,-5.68,-3.6742279782002476,2.005772021799752,2.252534170027264
983,1.1,-0.33635857647919143,1.4363585764791915,0.7224094758525946
984,-2.349,-2.0765464425445477,0.2724535574554525,0.6375992600255436
985,-1.83,-2.7038725966469976,0.8738725966469976,1.6495074108745749
986,-5.24,-4.630004870938329,0.6099951290616712,2.6651330981198322
987,-2.218,-2.0063740077644607,0.21162599223553924,1.2236928779969158
988,-6.8,-2.8893037793435044,3.9106962206564955,2.6433198672963782
989,-5.06,-4.377752395100385,0.6822476048996142,0.8969557232417624
990,-4.883,-3.045292844513404,1.837707155486596,1.8170875898035868
991,-0.364,-2.2497752891541967,1.8857752891541968,1.3432927761348568
992,-0.24,-0.43519614725852895,0.19519614725852896,0.6375992600255436
993,-2.49,-2.031537692505943,0.45846230749405725,1.4050125753102096
994,-1.14,-1.3203015561949647,0.1803015561949648,1.0764502980023338
995,-4.57,-2.864329904476149,1.705670095523851,1.855617736625197
996,-4.93,-3.6846663695584168,1.245333630441583,2.277426981174413
997,-2.878,-1.8000139652218585,1.0779860347781416,1.3658627478531649
998,0.15,-0.8455648366772099,0.99556483667721,0.9904223772346192
999,-0.73,-1.2551612562145253,0.5251612562145254,1.7402453928290718
1000,0.15,-0.13000534159942595,0.2800053415994259,0.6375992600255436
1001,-1.92,-1.9474467326973977,0.027446732697397724,1.59437989712971
1002,-5.19,-2.43899660105843,2.7510033989415703,2.126015274115061
1003,-2.18,-1.7421662919108367,0.43783370808916344,1.0741578793323543
1004,-7.8,-6.8041684181233935,0.9958315818766064,3.739047949846925
1005,-2.54,-1.9448635908699372,0.5951364091300628,1.3029676748075205
1006,-0.28,-0.3868449467420964,0.10684494674209638,0.6375992600255436
1007,0.15,-0.49207561253915977,0.6420756125391598,0.6375992600255436
1008,-5.613,-3.3116942917110115,2.301305708288989,2.1461020845878336
1009,-0.8,-1.281898825878483,0.4818988258784829,0.6375992600255436
1010,-3.239,-2.199587357865388,1.0394126421346117,1.3711363542777064
1011,-5.16,-3.0878551515304595,2.0721448484695406,1.8427559638688271
1012,-1.68,-1.2235953877916521,0.4564046122083478,0.7939516655599074
1013,-2.863,-2.2167703225886615,0.6462296774113385,1.362055833912874
1014,-3.22,-1.7219825896075522,1.498017410392448,1.1570996408166272
1015,-6.68,-5.217781171682238,1.462218828317762,3.067658015349624
1016,-2.46,-2.2806518795842328,0.1793481204157672,1.8699950460914625
1017,-6.09,-3.4538114207642137,2.636188579235786,2.592136679064834
1018,-5.03,-3.079377859568801,1.9506221404311992,1.724544540264306
1019,-7.2,-4.154637257393285,3.0453627426067156,2.5908258735375784
1020,-0.22,-0.48545016021264076,0.2654501602126408,0.6375992600255436
1021,-4.89,-3.490564470141836,1.3994355298581636,2.026703768424797
1022,-4.45,-2.3656247770968473,2.084375222903153,1.9086399473266766
1023,-3.77,-2.86145675318225,0.9085432468177501,1.8018780391310838
1024,-1.79,-3.0812180812820604,1.2912180812820604,2.3113449217054614
1025,0.79,-0.8683074117357685,1.6583074117357686,0.7899727913418088
1026,0.35,-0.32931802754749684,0.6793180275474968,0.6375992600255436
1027,-0.17,-1.6846244082437802,1.5146244082437803,1.016589472715341
1028,-2.111,-2.612256879628197,0.5012568796281966,2.3759243962634318
1029,-0.85,-1.0435819445760723,0.19358194457607236,0.9372328092441736
1030,-5.41,-3.7017524193298343,1.7082475806701658,2.55570520460984
1031,-3.5,-2.8653987714347187,0.6346012285652813,1.6718392828589432
1032,-2.34,-3.950922610518007,1.6109226105180072,2.806176369893447
1033,-5.16,-3.286534665586742,1.8734653344132584,2.1946003121685513
1034,-4.799,-3.3137259954925113,1.485274004507489,1.8964353013737534
1035,-1.3,-1.0275163653538157,0.2724836346461843,0.9993106595506733
1036,-2.593,-1.6730802108717842,0.9199197891282158,0.9900990340442273
1037,-2.943,-1.7136625261059735,1.2293374738940266,1.0534748212704705
1038,-0.8759999999999999,-1.5894574651216806,0.7134574651216807,0.9575289411593977
1039,-4.173,-3.99356742218837,0.1794325778116299,2.3087826151518205
1040,-1.38,-1.6601774252173336,0.2801774252173337,1.5071471788644089
1041,-3.96,-2.9377869886366486,1.0222130113633514,1.7248402614483258
1042,-8.56,-4.33421368300921,4.22578631699079,2.578072718655728
1043,0.61,-0.8479441516930925,1.4579441516930924,0.6375992600255436
1044,-2.12,-1.8305897052640165,0.28941029473598356,1.2607718880620005
1045,-2.5810000000000004,-1.8176292446932596,0.7633707553067408,1.2458403399527946
1046,-6.86,-4.863624231882069,1.9963757681179315,2.7318018199354777
1047,-1.44,-1.2313318684847514,0.20866813151524854,0.9344726202974897
1048,-0.96,-1.3946890073151708,0.4346890073151708,1.4212771138827733
1049,-3.19,-3.1049332851855267,0.08506671481447325,1.9442416022714193
1050,-0.742,-1.7689086786200583,1.0269086786200583,1.3887720377990023
1051,-1.47,-1.3002785282174023,0.16972147178259767,0.7268328867828638
1052,-4.553999999999999,-3.3337877597049586,1.2202122402950408,1.972018883617155
1053,-1.34,-2.98844477857557,1.64844477857557,2.344745202564818
1054,-5.85,-5.296393204395063,0.5536067956049369,3.084550152365764
1055,-2.11,-1.608845833561885,0.501154166438115,1.0294031940155408
1056,-4.2860000000000005,-3.3207588114858475,0.965241188514153,2.1059114881441676
1057,-2.21,-2.0443439460623347,0.16565605393766525,1.4520164997918128
1058,-3.76,-2.929491032510996,0.8305089674890036,1.6833632420134628
1059,-3.18,-2.4740205238635964,0.7059794761364038,1.062727621536235
1060,-3.9,-2.466729622456024,1.433270377543976,1.7486276151519373
1061,-3.2460000000000004,-3.7758252672646315,0.5298252672646311,2.351828277310152
1062,-3.63,-3.961556121271318,0.3315561212713183,0.6375992600255436
1063,-4.23,-2.27105239105372,1.9589476089462803,1.6751189537896878
1064,1.144,-1.8490526836430259,2.993052683643026,1.2629634723437753
1065,-3.15,-4.303352422174035,1.1533524221740348,2.944213691019121
1066,-0.01,-0.5224444342951206,0.5124444342951205,0.6375992600255436
1067,-4.9,-3.383799144021534,1.5162008559784663,1.9573423149596452
1068,-2.57,-1.4965431017094868,1.073456898290513,1.0236553137909838
1069,-1.96,-1.4114740858318484,0.5485259141681516,1.5270153407181126
1070,-4.099,-2.947573930155996,1.1514260698440042,1.715121239005112
1071,-2.6,-2.374892309477993,0.22510769052200708,1.43915761248204
1072,-2.35,-2.4319930775565846,0.08199307755658447,1.5622062194262774
1073,0.1,-0.2127147080160853,0.3127147080160853,0.6375992600255436
1074,-4.12,-3.1602041467943587,0.9597958532056414,1.7799741914616822
1075,-2.34,-1.0547890937353541,1.2852109062646457,1.1105468345962548
1076,-1.4,-1.0248783660551608,0.3751216339448391,0.7337405895111897
1077,-1.89,-1.4548463184012432,0.43515368159875667,0.8458285798788105
1078,-3.37,-4.476535980998518,1.106535980998518,3.098572907883784
1079,-3.37,-3.310245233579226,0.059754766420774263,2.1508679589488473
1080,-2.74,-2.0029218388737102,0.73707816112629,1.1629760012136172
1081,0.32,-0.3858073013985743,0.7058073013985743,0.6375992600255436
1082,0.94,-0.15088441307049302,1.0908844130704929,0.6375992600255436
1083,-4.59,-2.5553561752332774,2.0346438247667225,1.7017700153557027
1084,-4.8,-3.5006325884015856,1.2993674115984142,1.9729605002961301
1085,-3.35,-2.999217381150193,0.3507826188498071,1.7267455317183338
1086,-3.59,-1.9612541954247231,1.6287458045752767,1.273154105503656
1087,-3.39,-3.068391825631066,0.3216081743689343,1.781874815678564
1088,-1.06,-0.7683146108002644,0.29168538919973563,0.6375992600255436
1089,-3.24,-3.024158804606285,0.21584119539371516,1.823803416408154
1090,-3.46,-2.6848565540962688,0.7751434459037312,1.5728238592993653
1091,-2.54,-1.9950064809907109,0.5449935190092892,0.6375992600255436
1092,-1.62,-1.513189949530978,0.10681005046902214,1.2946691371343222
1093,-2.982,-2.097515203500432,0.8844847964995681,1.132965986412004
1094,-4.24,-3.3363584855548245,0.9036415144451757,1.904277449087953
1095,-3.62,-2.1115261016043476,1.5084738983956525,1.3222707272956133
1096,-3.12,-2.237695146601691,0.8823048533983089,1.3767450568642152
1097,-8.172,-6.642038763492093,1.5299612365079076,1.8066517790092829
1098,-2.92,-2.0895926884436262,0.8304073115563737,1.3008260690652385
1099,-1.17,-0.791819698284917,0.3781803017150829,0.7883564027280544
1100,1.02,-0.47142797157618155,1.4914279715761816,0.6375992600255436
1101,-1.3,-1.359918103341216,0.059918103341215945,0.95493979273647
1102,-3.3,-2.558552389440521,0.7414476105594789,1.2987082675504837
1103,-0.8,-0.7728951023233517,0.027104897676648365,0.6375992600255436
1104,-3.928,-2.502026784080086,1.4259732159199139,1.817673708512263
1105,-0.4,-0.8121851356433778,0.4121851356433778,0.9540407621771758
1106,-3.61,-3.1137992146035685,0.4962007853964314,1.7897579528467098
1107,-2.461,-2.058246606051616,0.40275339394838383,1.2828913806157864
1108,-1.08,-1.34231619209523,0.26231619209522994,0.6687115685162071
1109,-3.953,-2.4678791107194717,1.485120889280528,1.6470672796370316
1110,-4.632,-3.174326673798565,1.4576733262014345,1.8666731214310464
1111,-5.19,-2.44399414340912,2.7460058565908803,1.5420750967847354
1112,-2.09,-2.551325305680913,0.461325305680913,0.6688172110651611
1113,-2.281,-2.3536796862083897,0.0726796862083896,1.3232114988908794
1114,-4.06,-3.7671778456686185,0.29282215433138115,2.464840122027723
1115,-0.4,-1.0559887768108627,0.6559887768108627,0.7127808762473489
1116,-6.237,-3.750601106415238,2.486398893584762,2.295394785807829
1117,-3.451,-2.8739332141511347,0.5770667858488654,1.7321700875515582
1118,-1.21,-0.9904816708049916,0.21951832919500835,0.6375992600255436
1119,-4.36,-2.2306834669870557,2.1293165330129447,1.5984351553649847
1120,-7.66,-4.565083499081049,3.094916500918951,2.678913574892746
1121,-2.38,-1.871673887938686,0.5083261120613138,1.5564868510178966
1122,-2.44,-2.7682429235810835,0.32824292358108353,1.903375945349861
1123,-1.71,-2.048813619477307,0.3388136194773068,1.179916084122608
1124,0.106,-1.8815974989169817,1.9875974989169818,1.7157112904429754
1125,-3.091,-2.675819474505125,0.41518052549487505,1.5106273402943287
1126,-3.18,-2.2255178752434976,0.9544821247565025,0.9824039476807749
1127,-4.522,-3.367403129344767,1.1545968706552334,2.3646845841167496
